town,flat_type,block,street_name,storey_range,floor_area_sqm,price,street_address,age,longitude,latitude
CENTRAL AREA,4 ROOM,1C,CANTONMENT RD,46 TO 48,96,998000,1C CANTONMENT RD,81,103.8414964,1.2774176
CENTRAL AREA,5 ROOM,1C,CANTONMENT RD,10 TO 12,106,975000,1C CANTONMENT RD,88,103.8414964,1.2774176
CENTRAL AREA,4 ROOM,1C,CANTONMENT RD,37 TO 39,95,958000,1C CANTONMENT RD,91,103.8414964,1.2774176
CENTRAL AREA,5 ROOM,1F,CANTONMENT RD,13 TO 15,107,955000,1F CANTONMENT RD,53,103.841191,1.2761355
BISHAN,EXECUTIVE,174,BISHAN ST 13,01 TO 03,153,905000,174 BISHAN ST 13,51,103.8543703,1.3480419
HOUGANG,EXECUTIVE,221,HOUGANG ST 21,04 TO 06,150,890000,221 HOUGANG ST 21,47,103.883883,1.357017
BUKIT MERAH,5 ROOM,125,KIM TIAN RD,10 TO 12,138,888000,125 KIM TIAN RD,45,103.8280339,1.2836746
CLEMENTI,4 ROOM,441A,CLEMENTI AVE 3,13 TO 15,94,880000,441A CLEMENTI AVE 3,80,103.764704,1.3145929
BUKIT MERAH,5 ROOM,17,CANTONMENT CL,16 TO 18,110,875000,17 CANTONMENT CL,53,103.8398541,1.2738137
TOA PAYOH,EXECUTIVE,124,POTONG PASIR AVE 1,01 TO 03,161,875000,124 POTONG PASIR AVE 1,13,103.8654226,1.3353129
KALLANG/WHAMPOA,5 ROOM,7,BOON KENG RD,13 TO 15,109,868000,7 BOON KENG RD,44,103.8618568,1.3168208
HOUGANG,EXECUTIVE,221,HOUGANG ST 21,10 TO 12,148,860000,221 HOUGANG ST 21,61,103.883883,1.357017
BISHAN,EXECUTIVE,245,BISHAN ST 22,01 TO 03,147,860000,245 BISHAN ST 22,55,103.8439529,1.3605524
WOODLANDS,EXECUTIVE,830,WOODLANDS ST 83,10 TO 12,192,845000,830 WOODLANDS ST 83,89,103.7907935,1.4393102
CENTRAL AREA,4 ROOM,1G,CANTONMENT RD,19 TO 21,95,842668,1G CANTONMENT RD,62,103.8411994,1.2758722
QUEENSTOWN,5 ROOM,184,STIRLING RD,13 TO 15,115,838000,184 STIRLING RD,52,-80.1457078,26.0486909
ANG MO KIO,5 ROOM,588C,ANG MO KIO ST 52,22 TO 24,112,838000,588C ANG MO KIO ST 52,66,103.8535776,1.3718689
CENTRAL AREA,4 ROOM,1A,CANTONMENT RD,22 TO 24,97,838000,1A CANTONMENT RD,27,103.840963,1.277898
GEYLANG,5 ROOM,30,CASSIA CRES,10 TO 12,120,830000,30 CASSIA CRES,56,103.883362,1.309528
BISHAN,EXECUTIVE,257,BISHAN ST 22,01 TO 03,146,820000,257 BISHAN ST 22,25,103.8431376,1.3600445
TOA PAYOH,5 ROOM,142,POTONG PASIR AVE 3,16 TO 18,144,808000,142 POTONG PASIR AVE 3,68,103.867144,1.3333268
HOUGANG,EXECUTIVE,358,HOUGANG AVE 5,04 TO 06,144,805000,358 HOUGANG AVE 5,86,103.8955041,1.3688925
MARINE PARADE,5 ROOM,29,MARINE CRES,10 TO 12,120,800000,29 MARINE CRES,44,-3.032431,53.4748491
WOODLANDS,EXECUTIVE,808,WOODLANDS ST 81,10 TO 12,189,800000,808 WOODLANDS ST 81,42,103.786989,1.442411
BUKIT MERAH,4 ROOM,55,HAVELOCK RD,10 TO 12,94,793888,55 HAVELOCK RD,71,103.8292566,1.2901025
TOA PAYOH,EXECUTIVE,240,LOR 1 TOA PAYOH,04 TO 06,146,792000,240 LOR 1 TOA PAYOH,42,103.8507467,1.3408877
BISHAN,4 ROOM,273A,BISHAN ST 24,19 TO 21,95,790000,273A BISHAN ST 24,70,103.8439529,1.3563043
KALLANG/WHAMPOA,5 ROOM,807,KING GEORGE'S AVE,22 TO 24,115,789888,807 KING GEORGE'S AVE,26,103.861257,1.309387
KALLANG/WHAMPOA,EXECUTIVE,105,JLN RAJAH,04 TO 06,148,788000,105 JLN RAJAH,80,103.8540079,1.3286448
GEYLANG,EXECUTIVE,133,GEYLANG EAST AVE 1,13 TO 15,144,780000,133 GEYLANG EAST AVE 1,39,103.8854913,1.3162823
TAMPINES,EXECUTIVE,858,TAMPINES AVE 5,10 TO 12,146,780000,858 TAMPINES AVE 5,30,103.9379194,1.3542904
KALLANG/WHAMPOA,EXECUTIVE,106,JLN RAJAH,04 TO 06,150,777000,106 JLN RAJAH,38,103.8547326,1.3285674
QUEENSTOWN,4 ROOM,91,TANGLIN HALT RD,40 TO 42,90,770000,91 TANGLIN HALT RD,42,103.7994841,1.3007818
TAMPINES,EXECUTIVE,856F,TAMPINES ST 82,04 TO 06,145,770000,856F TAMPINES ST 82,29,103.9387805,1.3530042
BEDOK,5 ROOM,219C,BEDOK CTRL,04 TO 06,112,768000,219C BEDOK CTRL,65,103.9333079,1.3249153
WOODLANDS,EXECUTIVE,803,WOODLANDS ST 81,04 TO 06,176,755000,803 WOODLANDS ST 81,34,103.7869997,1.4404268
JURONG WEST,EXECUTIVE,469,JURONG WEST ST 41,07 TO 09,157,755000,469 JURONG WEST ST 41,50,103.7212692,1.3485173
BUKIT MERAH,4 ROOM,25B,JLN MEMBINA,22 TO 24,90,750000,25B JLN MEMBINA,23,103.8252185,1.2828988
TAMPINES,5 ROOM,518C,TAMPINES CTRL 7,13 TO 15,108,745000,518C TAMPINES CTRL 7,30,103.938986,1.356367
TAMPINES,EXECUTIVE,944,TAMPINES AVE 5,07 TO 09,142,745000,944 TAMPINES AVE 5,67,103.9411826,1.3503915
TAMPINES,5 ROOM,518D,TAMPINES CTRL 7,13 TO 15,110,740000,518D TAMPINES CTRL 7,5,103.9388485,1.3563165
BUKIT MERAH,5 ROOM,109,SPOTTISWOODE PK RD,04 TO 06,123,735000,109 SPOTTISWOODE PK RD,19,103.8366159,1.2741055
TOA PAYOH,4 ROOM,146,LOR 2 TOA PAYOH,31 TO 33,91,735000,146 LOR 2 TOA PAYOH,36,103.8465345,1.3346529
BISHAN,5 ROOM,164,BISHAN ST 13,13 TO 15,121,730000,164 BISHAN ST 13,62,103.8560915,1.3484712
QUEENSTOWN,4 ROOM,89,TANGLIN HALT RD,22 TO 24,90,728000,89 TANGLIN HALT RD,90,103.7990313,1.3012964
BUKIT MERAH,4 ROOM,26D,JLN MEMBINA,13 TO 15,90,715000,26D JLN MEMBINA,92,103.8250451,1.2822288
SERANGOON,5 ROOM,255,SERANGOON CTRL DR,13 TO 15,115,715000,255 SERANGOON CTRL DR,74,103.8706774,1.3551231
CLEMENTI,5 ROOM,101,CLEMENTI ST 14,01 TO 03,121,710000,101 CLEMENTI ST 14,58,103.7688807,1.322102
TAMPINES,EXECUTIVE,895,TAMPINES ST 81,07 TO 09,154,705000,895 TAMPINES ST 81,9,103.931665,1.3477387
KALLANG/WHAMPOA,4 ROOM,3B,UPP BOON KENG RD,13 TO 15,90,700000,3B UPP BOON KENG RD,76,103.8728065,1.3143059
BUKIT MERAH,4 ROOM,63A,LENGKOK BAHRU,04 TO 06,101,690000,63A LENGKOK BAHRU,58,103.8153318,1.2897957
BEDOK,EXECUTIVE,636,BEDOK RESERVOIR RD,10 TO 12,145,682000,636 BEDOK RESERVOIR RD,41,103.9045661,1.331209
TOA PAYOH,4 ROOM,79E,TOA PAYOH CTRL,34 TO 36,76,680000,79E TOA PAYOH CTRL,20,103.8498339,1.334742
BUKIT TIMAH,4 ROOM,14,TOH YI DR,13 TO 15,104,680000,14 TOH YI DR,63,103.7725926,1.339067
GEYLANG,5 ROOM,134,GEYLANG EAST AVE 1,01 TO 03,123,680000,134 GEYLANG EAST AVE 1,18,103.8858991,1.3159508
ANG MO KIO,5 ROOM,619,ANG MO KIO AVE 4,10 TO 12,133,675000,619 ANG MO KIO AVE 4,32,103.8382463,1.3785357
BUKIT BATOK,EXECUTIVE,120,BT BATOK CTRL,10 TO 12,150,675000,120 BT BATOK CTRL,29,103.7475168,1.3510036
BEDOK,5 ROOM,720,BEDOK RESERVOIR RD,07 TO 09,141,672000,720 BEDOK RESERVOIR RD,13,103.9248671,1.3359217
BISHAN,4 ROOM,286,BISHAN ST 24,13 TO 15,108,670000,286 BISHAN ST 24,86,103.843912,1.358454
BUKIT MERAH,4 ROOM,12,CANTONMENT CL,07 TO 09,75,668000,12 CANTONMENT CL,64,103.8400805,1.2744703
JURONG WEST,EXECUTIVE,335,KANG CHING RD,13 TO 15,142,665000,335 KANG CHING RD,54,103.7231471,1.3391483
BISHAN,4 ROOM,250,BISHAN ST 22,10 TO 12,114,660000,250 BISHAN ST 22,16,103.8438623,1.3616517
BUKIT MERAH,5 ROOM,116,BT MERAH CTRL,04 TO 06,117,660000,116 BT MERAH CTRL,77,103.8149434,1.2836921
YISHUN,EXECUTIVE,828,YISHUN ST 81,04 TO 06,145,658000,828 YISHUN ST 81,75,103.8329928,1.4150778
BISHAN,4 ROOM,106,BISHAN ST 12,13 TO 15,105,658000,106 BISHAN ST 12,95,103.8477574,1.3461032
SERANGOON,EXECUTIVE,539,SERANGOON NTH AVE 4,07 TO 09,147,655000,539 SERANGOON NTH AVE 4,67,103.8719458,1.3749656
GEYLANG,5 ROOM,51,SIMS DR,25 TO 27,117,655000,51 SIMS DR,37,103.8789222,1.3163562
TOA PAYOH,4 ROOM,79B,TOA PAYOH CTRL,10 TO 12,92,650000,79B TOA PAYOH CTRL,39,103.8479877,1.3347825
BISHAN,4 ROOM,232,BISHAN ST 22,04 TO 06,116,650000,232 BISHAN ST 22,56,103.8456739,1.3582718
QUEENSTOWN,5 ROOM,27,DOVER CRES,10 TO 12,125,650000,27 DOVER CRES,40,103.7812359,1.3055729
PASIR RIS,EXECUTIVE,538,PASIR RIS ST 51,10 TO 12,144,650000,538 PASIR RIS ST 51,56,103.950225,1.3696853
BUKIT MERAH,5 ROOM,26,TELOK BLANGAH CRES,10 TO 12,114,650000,26 TELOK BLANGAH CRES,23,103.8189544,1.2767608
WOODLANDS,EXECUTIVE,118,MARSILING RISE,10 TO 12,170,640000,118 MARSILING RISE,10,103.7803788,1.4385132
BUKIT MERAH,4 ROOM,21,JLN MEMBINA,01 TO 03,85,640000,21 JLN MEMBINA,71,103.8258376,1.2851308
QUEENSTOWN,4 ROOM,3,HOLLAND CL,04 TO 06,105,640000,3 HOLLAND CL,73,103.796677,1.30826
HOUGANG,EXECUTIVE,558,HOUGANG ST 51,07 TO 09,148,640000,558 HOUGANG ST 51,10,103.889779,1.380489
SERANGOON,5 ROOM,329,SERANGOON AVE 3,04 TO 06,122,638000,329 SERANGOON AVE 3,29,103.8682312,1.3496455
TAMPINES,5 ROOM,450D,TAMPINES ST 42,04 TO 06,135,638000,450D TAMPINES ST 42,44,103.9528766,1.3571308
JURONG EAST,5 ROOM,22,TEBAN GDNS RD,40 TO 42,118,638000,22 TEBAN GDNS RD,83,103.7397325,1.3227791
QUEENSTOWN,4 ROOM,91,TANGLIN HALT RD,01 TO 03,85,635000,91 TANGLIN HALT RD,67,103.7994841,1.3007818
GEYLANG,4 ROOM,32,EUNOS CRES,16 TO 18,90,635000,32 EUNOS CRES,54,103.901417,1.3205994
CLEMENTI,4 ROOM,117,CLEMENTI ST 13,13 TO 15,108,635000,117 CLEMENTI ST 13,60,103.7715062,1.3245029
SENGKANG,EXECUTIVE,205B,COMPASSVALE LANE,07 TO 09,143,630000,205B COMPASSVALE LANE,39,103.896732,1.385557
GEYLANG,4 ROOM,2A,GEYLANG SERAI,13 TO 15,93,630000,2A GEYLANG SERAI,49,103.897617,1.317256
CLEMENTI,5 ROOM,342,CLEMENTI AVE 5,01 TO 03,121,630000,342 CLEMENTI AVE 5,73,103.7699671,1.3182164
QUEENSTOWN,4 ROOM,51,STRATHMORE AVE,01 TO 03,90,628000,51 STRATHMORE AVE,43,-71.147511,42.338282
BEDOK,5 ROOM,505,BEDOK NTH AVE 3,13 TO 15,119,628000,505 BEDOK NTH AVE 3,13,103.9333872,1.331848
BEDOK,EXECUTIVE,145,BEDOK RESERVOIR RD,10 TO 12,143,625000,145 BEDOK RESERVOIR RD,43,103.9119974,1.3343129
BUKIT MERAH,4 ROOM,5,DELTA AVE,07 TO 09,91,623800,5 DELTA AVE,79,-73.4642645,41.3826065
BEDOK,4 ROOM,221A,BEDOK CTRL,07 TO 09,97,620000,221A BEDOK CTRL,49,103.9333872,1.3248975
WOODLANDS,EXECUTIVE,302,WOODLANDS ST 31,01 TO 03,163,620000,302 WOODLANDS ST 31,80,103.7744033,1.431797
TOA PAYOH,5 ROOM,12,JOO SENG RD,10 TO 12,132,620000,12 JOO SENG RD,57,103.8789539,1.3358429
BEDOK,5 ROOM,33,CHAI CHEE AVE,13 TO 15,114,620000,33 CHAI CHEE AVE,37,103.9258641,1.3240628
KALLANG/WHAMPOA,5 ROOM,18,JLN TENTERAM,28 TO 30,105,617000,18 JLN TENTERAM,41,103.8600775,1.3279514
SERANGOON,4 ROOM,419,SERANGOON CTRL,10 TO 12,113,613000,419 SERANGOON CTRL,76,103.8756855,1.3490651
ANG MO KIO,5 ROOM,253,ANG MO KIO ST 21,07 TO 09,128,613000,253 ANG MO KIO ST 21,43,103.8345326,1.3697648
ANG MO KIO,5 ROOM,439,ANG MO KIO AVE 10,07 TO 09,123,610000,439 ANG MO KIO AVE 10,44,103.8532832,1.3663578
HOUGANG,EXECUTIVE,560,HOUGANG ST 51,07 TO 09,143,610000,560 HOUGANG ST 51,37,103.889383,1.380312
BEDOK,5 ROOM,805,CHAI CHEE RD,13 TO 15,122,610000,805 CHAI CHEE RD,72,103.9215136,1.3245266
PASIR RIS,EXECUTIVE,544,PASIR RIS ST 51,01 TO 03,144,610000,544 PASIR RIS ST 51,86,103.9521514,1.3689965
QUEENSTOWN,3 ROOM,18A,HOLLAND DR,31 TO 33,67,610000,18A HOLLAND DR,55,-87.2337082,36.5670102
PASIR RIS,EXECUTIVE,509,PASIR RIS ST 52,04 TO 06,146,608000,509 PASIR RIS ST 52,48,103.9439701,1.3759477
WOODLANDS,EXECUTIVE,357,WOODLANDS AVE 5,10 TO 12,144,607000,357 WOODLANDS AVE 5,15,103.7844532,1.4331299
BUKIT PANJANG,EXECUTIVE,607,SENJA RD,10 TO 12,130,600000,607 SENJA RD,8,103.7616383,1.3823605
SENGKANG,EXECUTIVE,147,RIVERVALE CRES,07 TO 09,135,600000,147 RIVERVALE CRES,21,103.9055671,1.3904881
BUKIT MERAH,3 ROOM,55,HAVELOCK RD,28 TO 30,69,598000,55 HAVELOCK RD,11,103.8292566,1.2901025
SENGKANG,EXECUTIVE,147,RIVERVALE CRES,07 TO 09,135,592000,147 RIVERVALE CRES,90,103.9055671,1.3904881
JURONG WEST,EXECUTIVE,548,JURONG WEST ST 42,07 TO 09,150,591888,548 JURONG WEST ST 42,36,103.7154487,1.3531596
JURONG WEST,EXECUTIVE,669C,JURONG WEST ST 64,10 TO 12,130,590000,669C JURONG WEST ST 64,89,103.702718,1.3433487
ANG MO KIO,5 ROOM,620,ANG MO KIO AVE 9,04 TO 06,121,590000,620 ANG MO KIO AVE 9,45,103.8395144,1.3824856
TOA PAYOH,4 ROOM,104,POTONG PASIR AVE 1,07 TO 09,105,590000,104 POTONG PASIR AVE 1,35,103.8692278,1.3343395
BUKIT PANJANG,EXECUTIVE,411,SAUJANA RD,01 TO 03,145,590000,411 SAUJANA RD,99,103.7675227,1.3830589
PUNGGOL,5 ROOM,207B,PUNGGOL PL,13 TO 15,112,590000,207B PUNGGOL PL,16,103.9003859,1.4003633
HOUGANG,EXECUTIVE,579,HOUGANG AVE 4,07 TO 09,139,589000,579 HOUGANG AVE 4,67,103.8861029,1.3790394
TAMPINES,5 ROOM,164,SIMEI RD,07 TO 09,122,588800,164 SIMEI RD,26,103.9584677,1.3460319
CHOA CHU KANG,EXECUTIVE,663,CHOA CHU KANG CRES,16 TO 18,141,585000,663 CHOA CHU KANG CRES,5,103.750866,1.4019304
BUKIT PANJANG,EXECUTIVE,147,GANGSA RD,04 TO 06,142,585000,147 GANGSA RD,91,103.7655311,1.37618
KALLANG/WHAMPOA,4 ROOM,39A,BENDEMEER RD,01 TO 03,92,585000,39A BENDEMEER RD,43,103.866388,1.320161
TAMPINES,5 ROOM,141,SIMEI ST 2,10 TO 12,122,585000,141 SIMEI ST 2,43,103.9550297,1.3457909
BUKIT BATOK,5 ROOM,388,BT BATOK WEST AVE 5,22 TO 24,110,583000,388 BT BATOK WEST AVE 5,14,103.7520816,1.3648491
BUKIT MERAH,3 ROOM,22,TIONG BAHRU RD,01 TO 03,88,580000,22 TIONG BAHRU RD,82,103.8316954,1.285767
ANG MO KIO,5 ROOM,520,ANG MO KIO AVE 5,16 TO 18,118,580000,520 ANG MO KIO AVE 5,40,103.851224,1.373385
BUKIT BATOK,EXECUTIVE,405,BT BATOK WEST AVE 7,13 TO 15,145,580000,405 BT BATOK WEST AVE 7,43,103.7455028,1.3657248
PASIR RIS,EXECUTIVE,207,PASIR RIS ST 21,10 TO 12,148,580000,207 PASIR RIS ST 21,50,103.9623957,1.3665193
HOUGANG,EXECUTIVE,633,HOUGANG AVE 8,01 TO 03,148,575000,633 HOUGANG AVE 8,59,103.8794659,1.369793
SENGKANG,EXECUTIVE,324C,SENGKANG EAST WAY,07 TO 09,127,575000,324C SENGKANG EAST WAY,5,103.8918,1.39255
PASIR RIS,EXECUTIVE,205,PASIR RIS ST 21,07 TO 09,148,572888,205 PASIR RIS ST 21,68,103.9629396,1.3669554
BUKIT MERAH,4 ROOM,106A,DEPOT RD,10 TO 12,100,570000,106A DEPOT RD,69,103.8110754,1.2806789
JURONG EAST,EXECUTIVE,46,TEBAN GDNS RD,01 TO 03,152,570000,46 TEBAN GDNS RD,98,103.7404812,1.320203
CHOA CHU KANG,EXECUTIVE,164,JLN TECK WHYE,10 TO 12,145,570000,164 JLN TECK WHYE,90,103.7562973,1.3812924
BUKIT BATOK,EXECUTIVE,535,BT BATOK ST 52,04 TO 06,146,570000,535 BT BATOK ST 52,73,103.7503229,1.3550168
PUNGGOL,EXECUTIVE,185,EDGEFIELD PLAINS,10 TO 12,128,568888,185 EDGEFIELD PLAINS,84,103.9100179,1.397788
SENGKANG,5 ROOM,435A,FERNVALE RD,10 TO 12,113,568000,435A FERNVALE RD,97,103.8760146,1.3936582
HOUGANG,5 ROOM,363,HOUGANG AVE 5,04 TO 06,124,568000,363 HOUGANG AVE 5,99,103.8964103,1.3701323
TAMPINES,EXECUTIVE,495F,TAMPINES ST 43,07 TO 09,147,566666,495F TAMPINES ST 43,56,103.9528766,1.3644523
BUKIT BATOK,EXECUTIVE,403,BT BATOK WEST AVE 7,10 TO 12,150,560000,403 BT BATOK WEST AVE 7,39,103.7448918,1.3651604
QUEENSTOWN,3 ROOM,27,GHIM MOH LINK,28 TO 30,67,560000,27 GHIM MOH LINK,52,103.7852002,1.3083426
YISHUN,EXECUTIVE,351,YISHUN AVE 11,01 TO 03,146,558000,351 YISHUN AVE 11,66,103.8443152,1.4265255
BISHAN,4 ROOM,210,BISHAN ST 23,01 TO 03,105,558000,210 BISHAN ST 23,11,103.8488671,1.3558179
BUKIT MERAH,3 ROOM,80B,TELOK BLANGAH ST 31,04 TO 06,67,555000,80B TELOK BLANGAH ST 31,75,103.8074939,1.2740923
JURONG EAST,EXECUTIVE,50,TEBAN GDNS RD,01 TO 03,146,555000,50 TEBAN GDNS RD,76,103.7378317,1.3205935
TAMPINES,5 ROOM,735,TAMPINES ST 72,07 TO 09,122,553000,735 TAMPINES ST 72,8,103.9341123,1.359584
SENGKANG,4 ROOM,277A,COMPASSVALE LINK,13 TO 15,90,552000,277A COMPASSVALE LINK,28,103.894502,1.381886
TAMPINES,5 ROOM,492C,TAMPINES ST 45,10 TO 12,122,550000,492C TAMPINES ST 45,39,103.9537152,1.3634405
TAMPINES,5 ROOM,160,TAMPINES ST 12,01 TO 03,121,550000,160 TAMPINES ST 12,54,103.9450805,1.3507347
SENGKANG,EXECUTIVE,250A,COMPASSVALE ST,10 TO 12,130,550000,250A COMPASSVALE ST,60,103.9000949,1.39455
JURONG WEST,EXECUTIVE,714,JURONG WEST ST 71,04 TO 06,146,546000,714 JURONG WEST ST 71,80,103.6967061,1.3432697
CLEMENTI,4 ROOM,318,CLEMENTI AVE 4,04 TO 06,91,545000,318 CLEMENTI AVE 4,71,103.7653953,1.317986
SENGKANG,4 ROOM,273D,COMPASSVALE LINK,16 TO 18,90,542000,273D COMPASSVALE LINK,21,103.8946913,1.3841826
SENGKANG,4 ROOM,273D,COMPASSVALE LINK,10 TO 12,90,542000,273D COMPASSVALE LINK,39,103.8946913,1.3841826
TAMPINES,5 ROOM,497C,TAMPINES ST 45,01 TO 03,130,540000,497C TAMPINES ST 45,46,103.958588,1.3582685
QUEENSTOWN,3 ROOM,89,TANGLIN HALT RD,34 TO 36,60,540000,89 TANGLIN HALT RD,55,103.7990313,1.3012964
SENGKANG,4 ROOM,271C,SENGKANG CTRL,13 TO 15,93,540000,271C SENGKANG CTRL,70,103.894541,1.3850849
BISHAN,4 ROOM,109,BISHAN ST 12,04 TO 06,105,540000,109 BISHAN ST 12,47,103.8479386,1.3467612
TOA PAYOH,4 ROOM,238,LOR 1 TOA PAYOH,13 TO 15,103,538000,238 LOR 1 TOA PAYOH,59,103.851562,1.3402241
CHOA CHU KANG,EXECUTIVE,133,TECK WHYE LANE,07 TO 09,146,538000,133 TECK WHYE LANE,83,103.7512281,1.3808091
CLEMENTI,4 ROOM,373,CLEMENTI AVE 4,04 TO 06,91,538000,373 CLEMENTI AVE 4,19,103.7673417,1.3194755
BISHAN,4 ROOM,249,BISHAN ST 22,04 TO 06,105,538000,249 BISHAN ST 22,11,103.8438623,1.3612855
BUKIT MERAH,4 ROOM,111,BT PURMEI RD,04 TO 06,104,538000,111 BT PURMEI RD,53,103.8272941,1.274388
TAMPINES,5 ROOM,497A,TAMPINES ST 45,10 TO 12,122,535000,497A TAMPINES ST 45,56,103.958588,1.3593667
BUKIT MERAH,4 ROOM,110,BT PURMEI RD,04 TO 06,104,535000,110 BT PURMEI RD,84,103.8270224,1.2738047
CENTRAL AREA,4 ROOM,262,WATERLOO ST,07 TO 09,82,535000,262 WATERLOO ST,8,-80.5049504,43.4615159
PUNGGOL,4 ROOM,268B,PUNGGOL FIELD,13 TO 15,97,530000,268B PUNGGOL FIELD,68,103.897389,1.403643
QUEENSTOWN,3 ROOM,61B,STRATHMORE AVE,10 TO 12,69,530000,61B STRATHMORE AVE,50,-119.0642855,36.2035257
PASIR RIS,EXECUTIVE,243,PASIR RIS ST 21,01 TO 03,150,530000,243 PASIR RIS ST 21,45,103.962849,1.3715692
BUKIT BATOK,4 ROOM,297,BT BATOK ST 22,16 TO 18,100,530000,297 BT BATOK ST 22,29,103.7472305,1.345185
PUNGGOL,4 ROOM,270B,PUNGGOL FIELD,16 TO 18,97,528888,270B PUNGGOL FIELD,49,103.899142,1.404083
TAMPINES,5 ROOM,210,TAMPINES ST 23,01 TO 03,121,528000,210 TAMPINES ST 23,28,103.9542364,1.3540482
CLEMENTI,3 ROOM,418,CLEMENTI AVE 1,13 TO 15,70,528000,418 CLEMENTI AVE 1,66,103.7702015,1.3101301
CLEMENTI,4 ROOM,301,CLEMENTI AVE 4,10 TO 12,92,528000,301 CLEMENTI AVE 4,19,103.7648974,1.3221245
SEMBAWANG,EXECUTIVE,308,CANBERRA RD,13 TO 15,141,525000,308 CANBERRA RD,45,103.8213997,1.4463342
TOA PAYOH,4 ROOM,6,LOR 7 TOA PAYOH,04 TO 06,100,523888,6 LOR 7 TOA PAYOH,51,103.857088,1.3385817
JURONG WEST,5 ROOM,988A,JURONG WEST ST 93,16 TO 18,110,521000,988A JURONG WEST ST 93,22,103.6957732,1.3361911
SENGKANG,5 ROOM,261B,SENGKANG EAST WAY,10 TO 12,110,520888,261B SENGKANG EAST WAY,17,103.8941981,1.3936853
SENGKANG,4 ROOM,275A,COMPASSVALE LINK,04 TO 06,90,520000,275A COMPASSVALE LINK,44,103.8948129,1.382923
TAMPINES,5 ROOM,723,TAMPINES ST 72,04 TO 06,120,520000,723 TAMPINES ST 72,74,103.9351094,1.3600175
SEMBAWANG,EXECUTIVE,588B,MONTREAL DR,10 TO 12,125,520000,588B MONTREAL DR,60,103.8255618,1.4506213
ANG MO KIO,4 ROOM,326,ANG MO KIO AVE 3,01 TO 03,92,520000,326 ANG MO KIO AVE 3,33,103.847848,1.3670491
CHOA CHU KANG,5 ROOM,345,CHOA CHU KANG LOOP,01 TO 03,129,520000,345 CHOA CHU KANG LOOP,50,103.7447334,1.3828819
SERANGOON,4 ROOM,207,SERANGOON CTRL,07 TO 09,88,518000,207 SERANGOON CTRL,37,103.8733954,1.3537891
QUEENSTOWN,3 ROOM,89,TANGLIN HALT RD,22 TO 24,60,516000,89 TANGLIN HALT RD,61,103.7990313,1.3012964
TAMPINES,5 ROOM,146,SIMEI ST 2,01 TO 03,122,515000,146 SIMEI ST 2,66,103.9557959,1.3446806
JURONG WEST,5 ROOM,987D,JURONG WEST ST 93,07 TO 09,110,515000,987D JURONG WEST ST 93,29,103.6953887,1.3366511
BUKIT MERAH,4 ROOM,115,BT PURMEI RD,04 TO 06,106,510000,115 BT PURMEI RD,94,103.8269244,1.2754744
BUKIT MERAH,4 ROOM,120,BT MERAH VIEW,04 TO 06,88,510000,120 BT MERAH VIEW,10,103.8225771,1.282809
BEDOK,5 ROOM,142,BEDOK RESERVOIR RD,10 TO 12,122,510000,142 BEDOK RESERVOIR RD,10,103.9132888,1.3357141
BEDOK,4 ROOM,770,BEDOK RESERVOIR VIEW,07 TO 09,105,509999,770 BEDOK RESERVOIR VIEW,7,103.938282,1.3360637
BUKIT MERAH,3 ROOM,26A,JLN MEMBINA,16 TO 18,60,508000,26A JLN MEMBINA,68,103.826076,1.283066
TAMPINES,5 ROOM,712,TAMPINES ST 71,01 TO 03,119,506000,712 TAMPINES ST 71,70,103.9371036,1.3590539
SENGKANG,4 ROOM,277B,COMPASSVALE LINK,04 TO 06,90,505800,277B COMPASSVALE LINK,9,103.894509,1.382338
PUNGGOL,4 ROOM,302C,PUNGGOL PL,13 TO 15,93,505000,302C PUNGGOL PL,77,103.9050003,1.4049174
QUEENSTOWN,4 ROOM,8,HOLLAND AVE,04 TO 06,82,505000,8 HOLLAND AVE,11,-73.4654533,44.7035665
HOUGANG,4 ROOM,832,HOUGANG CTRL,13 TO 15,107,505000,832 HOUGANG CTRL,47,103.8897048,1.3706115
SENGKANG,4 ROOM,272A,SENGKANG CTRL,04 TO 06,90,503000,272A SENGKANG CTRL,9,103.893953,1.385281
BISHAN,4 ROOM,269,BISHAN ST 24,01 TO 03,109,500000,269 BISHAN ST 24,24,103.8423224,1.356973
JURONG WEST,EXECUTIVE,161,YUNG PING RD,01 TO 03,146,500000,161 YUNG PING RD,16,103.7216312,1.3299838
BUKIT MERAH,4 ROOM,50,TELOK BLANGAH DR,01 TO 03,98,500000,50 TELOK BLANGAH DR,34,103.8100792,1.2730811
PASIR RIS,5 ROOM,740,PASIR RIS ST 71,13 TO 15,124,500000,740 PASIR RIS ST 71,5,103.9359252,1.3780283
JURONG WEST,5 ROOM,426,JURONG WEST AVE 1,13 TO 15,133,500000,426 JURONG WEST AVE 1,69,103.7247082,1.3516479
SENGKANG,5 ROOM,321B,ANCHORVALE DR,07 TO 09,110,500000,321B ANCHORVALE DR,72,103.8923568,1.3908925
TOA PAYOH,5 ROOM,11,JOO SENG RD,01 TO 03,123,500000,11 JOO SENG RD,26,103.8806568,1.3350896
GEYLANG,5 ROOM,120,PAYA LEBAR WAY,01 TO 03,118,500000,120 PAYA LEBAR WAY,80,103.884404,1.3227268
PUNGGOL,4 ROOM,270B,PUNGGOL FIELD,07 TO 09,93,500000,270B PUNGGOL FIELD,63,103.899142,1.404083
BUKIT PANJANG,5 ROOM,651,SENJA LINK,13 TO 15,110,496688,651 SENJA LINK,62,103.7636526,1.3866192
JURONG WEST,5 ROOM,349,CORPORATION DR,10 TO 12,120,496000,349 CORPORATION DR,43,103.718934,1.339429
KALLANG/WHAMPOA,4 ROOM,122,MCNAIR RD,01 TO 03,104,495000,122 MCNAIR RD,72,103.8569974,1.3189682
MARINE PARADE,4 ROOM,35,MARINE CRES,04 TO 06,82,495000,35 MARINE CRES,84,103.9127224,1.3031461
BEDOK,5 ROOM,96,BEDOK NTH AVE 4,01 TO 03,123,495000,96 BEDOK NTH AVE 4,13,103.9403668,1.3331979
MARINE PARADE,3 ROOM,30,MARINE CRES,16 TO 18,76,495000,30 MARINE CRES,95,103.9111817,1.3042516
YISHUN,5 ROOM,809,YISHUN RING RD,01 TO 03,123,492000,809 YISHUN RING RD,63,103.830702,1.416628
JURONG WEST,5 ROOM,648A,JURONG WEST ST 61,07 TO 09,110,490000,648A JURONG WEST ST 61,13,103.697652,1.338328
HOUGANG,5 ROOM,627,HOUGANG AVE 8,13 TO 15,122,490000,627 HOUGANG AVE 8,60,103.8818192,1.3692612
PUNGGOL,5 ROOM,296,PUNGGOL CTRL,07 TO 09,110,490000,296 PUNGGOL CTRL,66,103.905263,1.401593
PASIR RIS,5 ROOM,567,PASIR RIS ST 51,07 TO 09,121,490000,567 PASIR RIS ST 51,74,103.9493411,1.3692329
JURONG WEST,EXECUTIVE,407,JURONG WEST ST 42,01 TO 03,150,490000,407 JURONG WEST ST 42,26,103.7215407,1.3548901
CHOA CHU KANG,EXECUTIVE,531,CHOA CHU KANG ST 51,07 TO 09,143,490000,531 CHOA CHU KANG ST 51,27,103.7414296,1.3928005
BEDOK,5 ROOM,710,BEDOK RESERVOIR RD,07 TO 09,125,488888,710 BEDOK RESERVOIR RD,94,103.9237795,1.3356353
SEMBAWANG,5 ROOM,354A,ADMIRALTY DR,13 TO 15,113,488000,354A ADMIRALTY DR,86,103.8188412,1.4501124
SERANGOON,4 ROOM,314,SERANGOON AVE 2,04 TO 06,93,488000,314 SERANGOON AVE 2,80,103.865481,1.353038
TAMPINES,5 ROOM,496E,TAMPINES AVE 9,07 TO 09,127,482000,496E TAMPINES AVE 9,5,103.949817,1.3611206
BEDOK,4 ROOM,425,BEDOK NTH RD,07 TO 09,92,480000,425 BEDOK NTH RD,76,103.9288099,1.3293501
SENGKANG,EXECUTIVE,189A,RIVERVALE DR,10 TO 12,131,480000,189A RIVERVALE DR,31,103.9040179,1.395527
HOUGANG,4 ROOM,159,HOUGANG ST 11,13 TO 15,103,480000,159 HOUGANG ST 11,70,103.8793753,1.3514844
JURONG WEST,5 ROOM,656A,JURONG WEST ST 61,07 TO 09,111,480000,656A JURONG WEST ST 61,60,103.69937,1.3354565
SEMBAWANG,EXECUTIVE,308,CANBERRA RD,01 TO 03,141,480000,308 CANBERRA RD,77,103.8213997,1.4463342
HOUGANG,5 ROOM,320,HOUGANG AVE 5,01 TO 03,127,480000,320 HOUGANG AVE 5,36,103.898155,1.366379
HOUGANG,5 ROOM,916,HOUGANG AVE 9,16 TO 18,120,480000,916 HOUGANG AVE 9,46,103.8843361,1.3749471
PASIR RIS,5 ROOM,189,PASIR RIS ST 12,10 TO 12,126,480000,189 PASIR RIS ST 12,21,103.9588919,1.365669
PUNGGOL,5 ROOM,173A,PUNGGOL FIELD,16 TO 18,110,478000,173A PUNGGOL FIELD,83,103.9093692,1.3971649
SEMBAWANG,EXECUTIVE,416,CANBERRA RD,13 TO 15,130,476000,416 CANBERRA RD,6,103.818977,1.4518368
PASIR RIS,5 ROOM,630,PASIR RIS DR 3,04 TO 06,121,475000,630 PASIR RIS DR 3,69,103.9410693,1.3783822
SENGKANG,5 ROOM,408C,FERNVALE RD,13 TO 15,115,475000,408C FERNVALE RD,78,-118.9492079,35.3804231
TAMPINES,5 ROOM,842,TAMPINES ST 82,07 TO 09,122,475000,842 TAMPINES ST 82,5,103.9358119,1.3517954
SEMBAWANG,EXECUTIVE,360B,ADMIRALTY DR,07 TO 09,131,475000,360B ADMIRALTY DR,9,103.8151733,1.4487037
JURONG WEST,5 ROOM,355,KANG CHING RD,04 TO 06,120,470000,355 KANG CHING RD,90,103.7209977,1.3391422
JURONG EAST,5 ROOM,64,TEBAN GDNS RD,25 TO 27,110,470000,64 TEBAN GDNS RD,95,103.739823,1.321534
PUNGGOL,5 ROOM,105A,EDGEFIELD PLAINS,13 TO 15,110,468888,105A EDGEFIELD PLAINS,6,103.905672,1.3967176
BUKIT PANJANG,5 ROOM,626,SENJA RD,13 TO 15,110,468000,626 SENJA RD,99,103.7597445,1.3854703
BUKIT MERAH,4 ROOM,43,LENGKOK BAHRU,01 TO 03,84,465000,43 LENGKOK BAHRU,47,103.8108943,1.2870413
TAMPINES,4 ROOM,157,TAMPINES ST 12,01 TO 03,93,465000,157 TAMPINES ST 12,59,103.9448992,1.3511017
PUNGGOL,4 ROOM,303A,PUNGGOL CTRL,04 TO 06,93,465000,303A PUNGGOL CTRL,85,103.9061944,1.4037736
SENGKANG,5 ROOM,148,RIVERVALE CRES,13 TO 15,116,465000,148 RIVERVALE CRES,62,103.9052468,1.3911315
SENGKANG,5 ROOM,203E,COMPASSVALE RD,04 TO 06,110,465000,203E COMPASSVALE RD,66,103.895791,1.3873705
WOODLANDS,5 ROOM,686B,WOODLANDS DR 73,10 TO 12,114,465000,686B WOODLANDS DR 73,28,103.8061852,1.4426114
PASIR RIS,5 ROOM,146,PASIR RIS ST 11,07 TO 09,127,465000,146 PASIR RIS ST 11,10,103.9602878,1.3632918
TAMPINES,5 ROOM,278,TAMPINES ST 22,04 TO 06,132,465000,278 TAMPINES ST 22,45,103.9513355,1.3468188
WOODLANDS,5 ROOM,685C,WOODLANDS DR 73,10 TO 12,114,463000,685C WOODLANDS DR 73,26,103.8057324,1.4417334
WOODLANDS,5 ROOM,686B,WOODLANDS DR 73,07 TO 09,114,460000,686B WOODLANDS DR 73,20,103.8061852,1.4426114
PUNGGOL,4 ROOM,614B,EDGEFIELD PLAINS,10 TO 12,92,460000,614B EDGEFIELD PLAINS,74,103.9101322,1.4029032
SENGKANG,5 ROOM,299C,COMPASSVALE ST,16 TO 18,114,460000,299C COMPASSVALE ST,86,103.9019834,1.3962933
TAMPINES,4 ROOM,928,TAMPINES ST 91,01 TO 03,109,460000,928 TAMPINES ST 91,36,103.940159,1.345999
SENGKANG,5 ROOM,325A,SENGKANG EAST WAY,07 TO 09,110,460000,325A SENGKANG EAST WAY,49,103.890798,1.393833
SERANGOON,4 ROOM,224,SERANGOON AVE 4,10 TO 12,91,460000,224 SERANGOON AVE 4,93,103.870768,1.3572463
JURONG WEST,5 ROOM,648C,JURONG WEST ST 61,01 TO 03,110,460000,648C JURONG WEST ST 61,87,103.6979629,1.3391069
PASIR RIS,4 ROOM,572,PASIR RIS ST 53,07 TO 09,110,460000,572 PASIR RIS ST 53,96,103.94559,1.3735902
CHOA CHU KANG,5 ROOM,7,TECK WHYE AVE,16 TO 18,132,460000,7 TECK WHYE AVE,19,103.7545774,1.3815225
JURONG WEST,5 ROOM,659C,JURONG WEST ST 65,07 TO 09,110,458000,659C JURONG WEST ST 65,50,103.7020393,1.3365034
PASIR RIS,5 ROOM,764,PASIR RIS ST 71,10 TO 12,126,455000,764 PASIR RIS ST 71,58,103.9344069,1.3765907
TAMPINES,4 ROOM,902,TAMPINES AVE 4,04 TO 06,105,455000,902 TAMPINES AVE 4,23,103.9390978,1.3512821
JURONG WEST,5 ROOM,662D,JURONG WEST ST 64,01 TO 03,110,455000,662D JURONG WEST ST 64,95,103.7042563,1.3369669
PUNGGOL,5 ROOM,645,PUNGGOL CTRL,13 TO 15,110,455000,645 PUNGGOL CTRL,52,103.916257,1.397783
JURONG WEST,5 ROOM,677A,JURONG WEST ST 64,07 TO 09,110,455000,677A JURONG WEST ST 64,87,103.7048897,1.3456807
PUNGGOL,4 ROOM,269A,PUNGGOL FIELD,07 TO 09,96,455000,269A PUNGGOL FIELD,86,103.8991325,1.4030581
TAMPINES,5 ROOM,489C,TAMPINES ST 45,01 TO 03,121,455000,489C TAMPINES ST 45,19,103.956521,1.361814
PUNGGOL,4 ROOM,623C,PUNGGOL CTRL,16 TO 18,94,450000,623C PUNGGOL CTRL,52,103.9117683,1.3994561
PUNGGOL,4 ROOM,622A,PUNGGOL CTRL,13 TO 15,95,450000,622A PUNGGOL CTRL,69,103.9118653,1.4000521
SENGKANG,4 ROOM,441B,FERNVALE RD,16 TO 18,92,450000,441B FERNVALE RD,47,103.8748224,1.3911033
JURONG WEST,4 ROOM,339B,KANG CHING RD,04 TO 06,92,450000,339B KANG CHING RD,82,103.7212619,1.3382096
SENGKANG,5 ROOM,405A,FERNVALE LANE,16 TO 18,112,450000,405A FERNVALE LANE,52,103.8738937,1.3889864
HOUGANG,4 ROOM,547,HOUGANG ST 51,10 TO 12,103,450000,547 HOUGANG ST 51,28,103.892022,1.3792078
PUNGGOL,5 ROOM,101B,PUNGGOL FIELD,01 TO 03,109,450000,101B PUNGGOL FIELD,40,103.9064437,1.3977293
SENGKANG,5 ROOM,227D,COMPASSVALE DR,13 TO 15,121,450000,227D COMPASSVALE DR,45,103.901366,1.387021
JURONG WEST,5 ROOM,461,JURONG WEST ST 41,04 TO 06,121,450000,461 JURONG WEST ST 41,55,103.7208167,1.3496188
SENGKANG,4 ROOM,212C,COMPASSVALE DR,07 TO 09,98,450000,212C COMPASSVALE DR,66,103.901006,1.386015
BUKIT BATOK,4 ROOM,385,BT BATOK WEST AVE 5,28 TO 30,86,449888,385 BT BATOK WEST AVE 5,83,103.7521786,1.3634691
CHOA CHU KANG,5 ROOM,670,CHOA CHU KANG CRES,13 TO 15,124,448000,670 CHOA CHU KANG CRES,54,103.7477884,1.4030491
PASIR RIS,5 ROOM,637,PASIR RIS DR 1,07 TO 09,122,448000,637 PASIR RIS DR 1,59,103.9402988,1.3767387
YISHUN,5 ROOM,171,YISHUN AVE 7,04 TO 06,131,448000,171 YISHUN AVE 7,55,103.8319773,1.4369974
WOODLANDS,5 ROOM,520,WOODLANDS DR 14,07 TO 09,124,446888,520 WOODLANDS DR 14,60,103.7926023,1.4343276
SENGKANG,4 ROOM,209C,COMPASSVALE LANE,13 TO 15,92,445000,209C COMPASSVALE LANE,91,103.89907,1.3839649
TAMPINES,4 ROOM,933,TAMPINES ST 91,07 TO 09,104,445000,933 TAMPINES ST 91,52,103.9387352,1.3452821
PUNGGOL,4 ROOM,601D,PUNGGOL CTRL,13 TO 15,94,445000,601D PUNGGOL CTRL,96,103.907767,1.402984
SENGKANG,4 ROOM,257C,COMPASSVALE RD,13 TO 15,90,445000,257C COMPASSVALE RD,36,103.8962291,1.3928467
BUKIT PANJANG,5 ROOM,401,FAJAR RD,07 TO 09,122,442000,401 FAJAR RD,82,103.7686997,1.3805595
YISHUN,5 ROOM,224,YISHUN ST 21,04 TO 06,134,440000,224 YISHUN ST 21,87,103.8351369,1.4346738
GEYLANG,3 ROOM,32,EUNOS CRES,10 TO 12,60,440000,32 EUNOS CRES,43,103.901417,1.3205994
SEMBAWANG,5 ROOM,325,SEMBAWANG CRES,10 TO 12,123,439000,325 SEMBAWANG CRES,21,103.8185242,1.4444619
WOODLANDS,5 ROOM,686B,WOODLANDS DR 73,07 TO 09,114,438000,686B WOODLANDS DR 73,49,103.8061852,1.4426114
WOODLANDS,5 ROOM,585,WOODLANDS DR 16,10 TO 12,111,438000,585 WOODLANDS DR 16,26,103.7954546,1.4293564
PUNGGOL,5 ROOM,172C,EDGEDALE PLAINS,10 TO 12,110,438000,172C EDGEDALE PLAINS,12,103.9123599,1.3954612
BUKIT BATOK,4 ROOM,187,BT BATOK WEST AVE 6,07 TO 09,105,437000,187 BT BATOK WEST AVE 6,34,103.7447108,1.3465511
TAMPINES,4 ROOM,839,TAMPINES ST 83,10 TO 12,104,436000,839 TAMPINES ST 83,76,103.9344976,1.3511809
SENGKANG,5 ROOM,117C,RIVERVALE DR,10 TO 12,115,435000,117C RIVERVALE DR,66,103.903215,1.383378
SEMBAWANG,EXECUTIVE,416,CANBERRA RD,01 TO 03,130,435000,416 CANBERRA RD,44,103.818977,1.4518368
TAMPINES,5 ROOM,493E,TAMPINES ST 43,04 TO 06,121,435000,493E TAMPINES ST 43,47,103.9520369,1.3626482
CHOA CHU KANG,5 ROOM,765,CHOA CHU KANG NTH 5,07 TO 09,123,433000,765 CHOA CHU KANG NTH 5,87,103.7498703,1.392842
HOUGANG,4 ROOM,699C,HOUGANG ST 52,13 TO 15,100,433000,699C HOUGANG ST 52,54,103.8883456,1.3764068
JURONG WEST,5 ROOM,663A,JURONG WEST ST 65,01 TO 03,110,433000,663A JURONG WEST ST 65,18,103.7017226,1.3388126
SENGKANG,5 ROOM,202C,SENGKANG EAST RD,01 TO 03,110,432000,202C SENGKANG EAST RD,64,103.89283,1.387665
TAMPINES,4 ROOM,727,TAMPINES ST 71,04 TO 06,104,430888,727 TAMPINES ST 71,56,103.93554,1.3562627
YISHUN,4 ROOM,634,YISHUN ST 61,10 TO 12,104,430300,634 YISHUN ST 61,16,103.8388839,1.4189909
BUKIT BATOK,4 ROOM,191,BT BATOK WEST AVE 6,16 TO 18,100,430000,191 BT BATOK WEST AVE 6,15,103.7453218,1.3456137
PASIR RIS,5 ROOM,194,PASIR RIS ST 12,04 TO 06,124,430000,194 PASIR RIS ST 12,63,103.9595852,1.3658038
PASIR RIS,5 ROOM,113,PASIR RIS ST 11,01 TO 03,123,430000,113 PASIR RIS ST 11,20,103.9555963,1.3680973
HOUGANG,5 ROOM,981C,BUANGKOK CRES,13 TO 15,110,430000,981C BUANGKOK CRES,36,103.8796924,1.3804513
YISHUN,4 ROOM,443,YISHUN AVE 11,10 TO 12,92,430000,443 YISHUN AVE 11,73,103.8449175,1.4236599
JURONG WEST,5 ROOM,203,BOON LAY DR,01 TO 03,122,430000,203 BOON LAY DR,83,103.7157262,1.3442084
SENGKANG,4 ROOM,211B,COMPASSVALE LANE,10 TO 12,93,430000,211B COMPASSVALE LANE,16,103.898739,1.385083
ANG MO KIO,4 ROOM,254,ANG MO KIO AVE 4,04 TO 06,97,430000,254 ANG MO KIO AVE 4,99,103.8345568,1.3703801
CHOA CHU KANG,5 ROOM,439,CHOA CHU KANG AVE 4,07 TO 09,123,430000,439 CHOA CHU KANG AVE 4,80,103.7398544,1.3837981
SENGKANG,5 ROOM,122,SENGKANG EAST WAY,10 TO 12,110,430000,122 SENGKANG EAST WAY,75,103.906743,1.386536
QUEENSTOWN,3 ROOM,4,HOLLAND CL,13 TO 15,65,428000,4 HOLLAND CL,28,103.7957715,1.3079724
BUKIT BATOK,4 ROOM,363,BT BATOK ST 31,10 TO 12,94,428000,363 BT BATOK ST 31,87,103.7492367,1.3609581
QUEENSTOWN,3 ROOM,161,MEI LING ST,13 TO 15,72,426000,161 MEI LING ST,73,103.8034685,1.2914703
BEDOK,4 ROOM,654,JLN TENAGA,01 TO 03,108,425000,654 JLN TENAGA,69,103.9066505,1.3328801
BUKIT BATOK,4 ROOM,393,BT BATOK WEST AVE 5,10 TO 12,92,425000,393 BT BATOK WEST AVE 5,60,103.7532793,1.366553
WOODLANDS,5 ROOM,894B,WOODLANDS DR 50,01 TO 03,120,425000,894B WOODLANDS DR 50,85,103.7892747,1.4359811
SEMBAWANG,5 ROOM,418,CANBERRA RD,10 TO 12,110,425000,418 CANBERRA RD,38,103.8192453,1.452484
TAMPINES,4 ROOM,803,TAMPINES AVE 4,01 TO 03,100,425000,803 TAMPINES AVE 4,82,103.9378287,1.345141
TAMPINES,4 ROOM,498L,TAMPINES ST 45,07 TO 09,106,423000,498L TAMPINES ST 45,74,103.957296,1.362396
HOUGANG,4 ROOM,606,HOUGANG AVE 4,10 TO 12,104,420000,606 HOUGANG AVE 4,47,103.8858085,1.370781
TAMPINES,4 ROOM,111,TAMPINES ST 11,04 TO 06,103,420000,111 TAMPINES ST 11,33,103.9473468,1.3469153
PUNGGOL,5 ROOM,171B,EDGEDALE PLAINS,07 TO 09,110,420000,171B EDGEDALE PLAINS,71,103.912813,1.3950921
WOODLANDS,5 ROOM,735,WOODLANDS CIRCLE,07 TO 09,121,420000,735 WOODLANDS CIRCLE,88,-86.9108481,33.2943798
WOODLANDS,5 ROOM,689F,WOODLANDS DR 75,13 TO 15,110,420000,689F WOODLANDS DR 75,76,103.8086774,1.4435595
JURONG WEST,4 ROOM,651A,JURONG WEST ST 61,13 TO 15,91,420000,651A JURONG WEST ST 61,79,103.697877,1.3371131
WOODLANDS,5 ROOM,173,WOODLANDS ST 13,01 TO 03,121,420000,173 WOODLANDS ST 13,31,103.7775721,1.432952
WOODLANDS,4 ROOM,516,WOODLANDS DR 14,04 TO 06,107,420000,516 WOODLANDS DR 14,26,103.7909724,1.4347046
KALLANG/WHAMPOA,4 ROOM,102,JLN RAJAH,01 TO 03,94,420000,102 JLN RAJAH,27,103.851562,1.3282196
WOODLANDS,5 ROOM,655,WOODLANDS RING RD,04 TO 06,121,420000,655 WOODLANDS RING RD,52,103.7983975,1.4375948
JURONG WEST,4 ROOM,262,BOON LAY DR,04 TO 06,115,420000,262 BOON LAY DR,79,103.7071519,1.3446421
BEDOK,4 ROOM,718,BEDOK RESERVOIR RD,04 TO 06,104,415000,718 BEDOK RESERVOIR RD,57,103.9256829,1.337161
TAMPINES,4 ROOM,811,TAMPINES AVE 4,04 TO 06,91,415000,811 TAMPINES AVE 4,36,103.9373755,1.3465343
SENGKANG,4 ROOM,443A,FERNVALE RD,10 TO 12,94,415000,443A FERNVALE RD,16,103.874321,1.39117
BUKIT PANJANG,5 ROOM,430,BT PANJANG RING RD,07 TO 09,122,415000,430 BT PANJANG RING RD,20,103.7704198,1.3867807
JURONG WEST,4 ROOM,663D,JURONG WEST ST 65,10 TO 12,90,415000,663D JURONG WEST ST 65,90,103.7022655,1.3388827
TOA PAYOH,4 ROOM,247,KIM KEAT LINK,01 TO 03,104,415000,247 KIM KEAT LINK,36,103.8550516,1.3310063
TOA PAYOH,3 ROOM,104,POTONG PASIR AVE 1,04 TO 06,74,415000,104 POTONG PASIR AVE 1,98,103.8692278,1.3343395
BUKIT MERAH,3 ROOM,65,TELOK BLANGAH DR,10 TO 12,67,415000,65 TELOK BLANGAH DR,25,103.8104415,1.2741756
SERANGOON,4 ROOM,215,SERANGOON AVE 4,01 TO 03,98,413800,215 SERANGOON AVE 4,31,103.8733048,1.358037
JURONG WEST,5 ROOM,743,JURONG WEST ST 73,04 TO 06,122,413000,743 JURONG WEST ST 73,10,103.6993247,1.347361
SERANGOON,4 ROOM,528,SERANGOON NTH AVE 4,01 TO 03,110,413000,528 SERANGOON NTH AVE 4,81,103.8722176,1.3713742
BUKIT MERAH,3 ROOM,109,BT PURMEI RD,04 TO 06,74,412000,109 BT PURMEI RD,29,103.8252941,1.2739482
WOODLANDS,5 ROOM,689F,WOODLANDS DR 75,07 TO 09,111,412000,689F WOODLANDS DR 75,70,103.8086774,1.4435595
SEMBAWANG,5 ROOM,588C,MONTREAL DR,04 TO 06,110,412000,588C MONTREAL DR,90,103.8246149,1.4506087
BUKIT BATOK,4 ROOM,290D,BT BATOK EAST AVE 3,16 TO 18,102,410000,290D BT BATOK EAST AVE 3,81,103.7575647,1.3444996
PASIR RIS,4 ROOM,118,PASIR RIS ST 11,04 TO 06,113,410000,118 PASIR RIS ST 11,85,103.954803,1.3670586
WOODLANDS,5 ROOM,687C,WOODLANDS DR 75,13 TO 15,113,410000,687C WOODLANDS DR 75,11,103.8064569,1.4417289
WOODLANDS,5 ROOM,702,WOODLANDS DR 40,10 TO 12,119,410000,702 WOODLANDS DR 40,24,103.7967153,1.4417698
PUNGGOL,3 ROOM,306B,PUNGGOL PL,13 TO 15,69,410000,306B PUNGGOL PL,62,103.905935,1.405775
QUEENSTOWN,3 ROOM,28C,DOVER CRES,04 TO 06,69,410000,28C DOVER CRES,80,103.7821896,1.3058533
TAMPINES,4 ROOM,323,TAMPINES ST 33,04 TO 06,111,410000,323 TAMPINES ST 33,16,103.958316,1.3519015
TAMPINES,4 ROOM,248,TAMPINES ST 21,01 TO 03,91,410000,248 TAMPINES ST 21,16,103.94713,1.351937
SEMBAWANG,5 ROOM,334,SEMBAWANG CL,07 TO 09,116,410000,334 SEMBAWANG CL,48,103.8159657,1.4477627
PUNGGOL,4 ROOM,128A,PUNGGOL FIELD WALK,13 TO 15,91,410000,128A PUNGGOL FIELD WALK,69,103.9124505,1.3934819
SENGKANG,5 ROOM,116B,RIVERVALE DR,10 TO 12,115,408000,116B RIVERVALE DR,62,103.902366,1.382059
QUEENSTOWN,3 ROOM,31,HOLLAND CL,04 TO 06,67,408000,31 HOLLAND CL,41,103.7971071,1.3070686
WOODLANDS,5 ROOM,687C,WOODLANDS DR 75,13 TO 15,113,406009,687C WOODLANDS DR 75,41,103.8064569,1.4417289
SEMBAWANG,5 ROOM,357C,ADMIRALTY DR,07 TO 09,111,405000,357C ADMIRALTY DR,68,103.8175733,1.4497532
TAMPINES,4 ROOM,317,TAMPINES ST 33,04 TO 06,107,405000,317 TAMPINES ST 33,22,103.9567748,1.3517641
SENGKANG,5 ROOM,123B,RIVERVALE DR,04 TO 06,116,405000,123B RIVERVALE DR,15,103.9025325,1.3860949
ANG MO KIO,4 ROOM,177,ANG MO KIO AVE 4,04 TO 06,91,403888,177 ANG MO KIO AVE 4,65,103.8380731,1.3758705
PASIR RIS,4 ROOM,233,PASIR RIS DR 4,07 TO 09,107,403000,233 PASIR RIS DR 4,27,103.9621237,1.3744296
PASIR RIS,4 ROOM,747,PASIR RIS ST 71,16 TO 18,105,403000,747 PASIR RIS ST 71,92,103.9346789,1.3792261
GEYLANG,4 ROOM,349,UBI AVE 1,01 TO 03,104,402000,349 UBI AVE 1,47,103.9003522,1.325855
PUNGGOL,5 ROOM,199D,PUNGGOL FIELD,01 TO 03,110,402000,199D PUNGGOL FIELD,8,103.906198,1.400438
PASIR RIS,4 ROOM,121,PASIR RIS ST 11,07 TO 09,106,400000,121 PASIR RIS ST 11,31,103.9545084,1.366859
YISHUN,5 ROOM,167,YISHUN RING RD,07 TO 09,121,400000,167 YISHUN RING RD,44,103.8325225,1.4365889
ANG MO KIO,3 ROOM,308A,ANG MO KIO AVE 1,13 TO 15,70,400000,308A ANG MO KIO AVE 1,5,103.844098,1.365497
HOUGANG,4 ROOM,135,LOR AH SOO,07 TO 09,104,400000,135 LOR AH SOO,51,103.8867146,1.3501237
TOA PAYOH,4 ROOM,226,LOR 8 TOA PAYOH,16 TO 18,82,400000,226 LOR 8 TOA PAYOH,85,103.8569974,1.3394607
BEDOK,4 ROOM,523,BEDOK NTH ST 3,04 TO 06,92,400000,523 BEDOK NTH ST 3,41,103.9305252,1.3343597
PASIR RIS,4 ROOM,275,PASIR RIS ST 21,07 TO 09,107,400000,275 PASIR RIS ST 21,97,103.9647302,1.3642906
BUKIT BATOK,4 ROOM,288D,BT BATOK ST 25,04 TO 06,90,398000,288D BT BATOK ST 25,84,103.7591036,1.3458092
YISHUN,4 ROOM,415,YISHUN AVE 11,07 TO 09,104,398000,415 YISHUN AVE 11,17,103.8457337,1.4246239
ANG MO KIO,4 ROOM,221,ANG MO KIO AVE 1,01 TO 03,102,397000,221 ANG MO KIO AVE 1,56,103.8392427,1.3664403
SEMBAWANG,4 ROOM,357C,ADMIRALTY DR,13 TO 15,95,395888,357C ADMIRALTY DR,63,103.8175733,1.4497532
PUNGGOL,4 ROOM,128A,PUNGGOL FIELD WALK,10 TO 12,91,395000,128A PUNGGOL FIELD WALK,46,103.9124505,1.3934819
TAMPINES,4 ROOM,437,TAMPINES ST 43,04 TO 06,108,395000,437 TAMPINES ST 43,61,103.9516074,1.3599935
WOODLANDS,5 ROOM,688C,WOODLANDS DR 75,01 TO 03,110,395000,688C WOODLANDS DR 75,23,103.8072719,1.4434121
JURONG WEST,4 ROOM,676A,JURONG WEST ST 64,10 TO 12,91,395000,676A JURONG WEST ST 64,23,103.7045277,1.3459758
JURONG WEST,5 ROOM,275C,JURONG WEST ST 25,13 TO 15,111,395000,275C JURONG WEST ST 25,31,103.7028989,1.3530924
WOODLANDS,5 ROOM,690B,WOODLANDS DR 75,13 TO 15,110,395000,690B WOODLANDS DR 75,52,103.8081775,1.4433331
PASIR RIS,4 ROOM,254,PASIR RIS ST 21,04 TO 06,106,395000,254 PASIR RIS ST 21,43,103.9636649,1.3681227
BUKIT PANJANG,5 ROOM,434,BT PANJANG RING RD,07 TO 09,122,395000,434 BT PANJANG RING RD,28,103.7706008,1.38546
JURONG WEST,5 ROOM,276B,JURONG WEST AVE 3,01 TO 03,111,395000,276B JURONG WEST AVE 3,72,103.7041658,1.352792
WOODLANDS,5 ROOM,688F,WOODLANDS DR 75,13 TO 15,110,395000,688F WOODLANDS DR 75,64,103.8079268,1.4440807
SEMBAWANG,5 ROOM,357,ADMIRALTY DR,04 TO 06,111,393888,357 ADMIRALTY DR,38,103.8164186,1.4499623
HOUGANG,4 ROOM,980C,BUANGKOK CRES,10 TO 12,85,392000,980C BUANGKOK CRES,59,103.8809156,1.3801143
SEMBAWANG,4 ROOM,357A,ADMIRALTY DR,13 TO 15,95,390000,357A ADMIRALTY DR,95,103.8170299,1.4499768
BUKIT PANJANG,5 ROOM,483,SEGAR RD,10 TO 12,110,390000,483 SEGAR RD,81,103.772072,1.3888055
BISHAN,3 ROOM,304,SHUNFU RD,10 TO 12,67,390000,304 SHUNFU RD,16,103.8383369,1.3501852
YISHUN,4 ROOM,346,YISHUN AVE 11,01 TO 03,108,390000,346 YISHUN AVE 11,99,103.8435,1.4285114
WOODLANDS,4 ROOM,895A,WOODLANDS DR 50,07 TO 09,99,390000,895A WOODLANDS DR 50,33,103.7912441,1.4360241
PASIR RIS,4 ROOM,738,PASIR RIS DR 10,04 TO 06,104,390000,738 PASIR RIS DR 10,38,103.9366504,1.379196
ANG MO KIO,3 ROOM,343,ANG MO KIO AVE 3,01 TO 03,73,390000,343 ANG MO KIO AVE 3,82,103.8491162,1.3683603
SENGKANG,4 ROOM,325A,SENGKANG EAST WAY,04 TO 06,90,390000,325A SENGKANG EAST WAY,96,103.890798,1.393833
PASIR RIS,4 ROOM,626,PASIR RIS DR 3,07 TO 09,104,390000,626 PASIR RIS DR 3,13,103.9409787,1.3798111
PUNGGOL,4 ROOM,166A,PUNGGOL CTRL,01 TO 03,95,388000,166A PUNGGOL CTRL,89,103.9156265,1.3947758
HOUGANG,4 ROOM,438,HOUGANG AVE 8,01 TO 03,117,388000,438 HOUGANG AVE 8,15,103.89314,1.378031
ANG MO KIO,3 ROOM,425,ANG MO KIO AVE 3,04 TO 06,73,388000,425 ANG MO KIO AVE 3,70,103.8515813,1.3690092
HOUGANG,4 ROOM,517,HOUGANG AVE 10,04 TO 06,89,388000,517 HOUGANG AVE 10,64,103.8895904,1.3722281
PASIR RIS,4 ROOM,142,PASIR RIS ST 11,10 TO 12,110,388000,142 PASIR RIS ST 11,48,103.9587693,1.3635388
BUKIT MERAH,3 ROOM,105,HENDERSON CRES,22 TO 24,65,388000,105 HENDERSON CRES,26,103.8225544,1.2901396
JURONG EAST,5 ROOM,403,PANDAN GDNS,04 TO 06,114,386000,403 PANDAN GDNS,13,103.7494177,1.3203086
TOA PAYOH,4 ROOM,214,LOR 8 TOA PAYOH,13 TO 15,82,385000,214 LOR 8 TOA PAYOH,73,103.8543023,1.3418372
SENGKANG,4 ROOM,249,COMPASSVALE RD,04 TO 06,90,385000,249 COMPASSVALE RD,67,103.8991659,1.391772
SENGKANG,5 ROOM,297A,COMPASSVALE ST,01 TO 03,115,385000,297A COMPASSVALE ST,14,103.9004881,1.395093
HOUGANG,5 ROOM,928,HOUGANG ST 91,01 TO 03,120,385000,928 HOUGANG ST 91,13,103.8816178,1.3767215
YISHUN,4 ROOM,218,YISHUN ST 21,07 TO 09,93,385000,218 YISHUN ST 21,52,103.836044,1.433043
PUNGGOL,4 ROOM,201D,PUNGGOL FIELD,07 TO 09,90,385000,201D PUNGGOL FIELD,54,103.9032068,1.3995476
HOUGANG,4 ROOM,513,HOUGANG AVE 10,04 TO 06,84,384000,513 HOUGANG AVE 10,89,103.8896899,1.3721471
WOODLANDS,4 ROOM,509,WOODLANDS DR 14,04 TO 06,107,383000,509 WOODLANDS DR 14,34,103.7891162,1.4326243
PASIR RIS,4 ROOM,515,PASIR RIS ST 52,01 TO 03,104,382000,515 PASIR RIS ST 52,62,103.9427846,1.3742648
PASIR RIS,4 ROOM,405,PASIR RIS DR 6,07 TO 09,94,382000,405 PASIR RIS DR 6,30,103.9555963,1.3738094
BUKIT BATOK,4 ROOM,337,BT BATOK ST 34,04 TO 06,104,381000,337 BT BATOK ST 34,83,103.7489651,1.363158
BEDOK,3 ROOM,424,BEDOK NTH AVE 1,07 TO 09,82,380000,424 BEDOK NTH AVE 1,69,103.9275409,1.3284794
YISHUN,4 ROOM,618,YISHUN RING RD,04 TO 06,91,380000,618 YISHUN RING RD,34,103.835519,1.418761
BUKIT PANJANG,4 ROOM,631,SENJA RD,19 TO 21,90,380000,631 SENJA RD,79,103.7603257,1.3865839
SEMBAWANG,5 ROOM,470,SEMBAWANG DR,04 TO 06,110,380000,470 SEMBAWANG DR,53,103.8152412,1.4516582
YISHUN,4 ROOM,641,YISHUN ST 61,10 TO 12,91,380000,641 YISHUN ST 61,67,103.8380878,1.4207865
QUEENSTOWN,3 ROOM,160,MEI LING ST,10 TO 12,72,380000,160 MEI LING ST,38,103.8042835,1.2921971
CLEMENTI,3 ROOM,362,CLEMENTI AVE 2,07 TO 09,82,380000,362 CLEMENTI AVE 2,46,103.7699671,1.3127272
JURONG WEST,4 ROOM,455,JURONG WEST ST 42,04 TO 06,103,380000,455 JURONG WEST ST 42,16,103.7184637,1.3510977
JURONG WEST,5 ROOM,276C,JURONG WEST ST 25,13 TO 15,111,380000,276C JURONG WEST ST 25,7,103.7042765,1.3531943
WOODLANDS,5 ROOM,787C,WOODLANDS CRES,01 TO 03,123,380000,787C WOODLANDS CRES,20,103.8010235,1.4448456
WOODLANDS,4 ROOM,724,WOODLANDS AVE 6,07 TO 09,101,380000,724 WOODLANDS AVE 6,64,103.7986441,1.4444802
JURONG WEST,4 ROOM,643,JURONG WEST ST 61,04 TO 06,90,380000,643 JURONG WEST ST 61,26,103.6956375,1.3393051
JURONG WEST,4 ROOM,557,JURONG WEST ST 42,07 TO 09,104,378000,557 JURONG WEST ST 42,80,103.7186447,1.3540275
JURONG WEST,4 ROOM,425,JURONG WEST AVE 1,01 TO 03,105,378000,425 JURONG WEST AVE 1,19,103.7244367,1.3511366
SEMBAWANG,4 ROOM,503B,CANBERRA LINK,10 TO 12,90,375000,503B CANBERRA LINK,60,103.8220337,1.4504412
ANG MO KIO,3 ROOM,443,ANG MO KIO AVE 10,10 TO 12,82,375000,443 ANG MO KIO AVE 10,29,103.8552762,1.3660531
KALLANG/WHAMPOA,3 ROOM,34,WHAMPOA WEST,10 TO 12,68,375000,34 WHAMPOA WEST,43,103.8634295,1.3205414
SENGKANG,4 ROOM,297A,COMPASSVALE ST,10 TO 12,94,375000,297A COMPASSVALE ST,45,103.9004881,1.395093
CHOA CHU KANG,4 ROOM,412,CHOA CHU KANG AVE 3,10 TO 12,104,375000,412 CHOA CHU KANG AVE 3,89,103.7422669,1.381815
BUKIT MERAH,3 ROOM,129,BT MERAH VIEW,10 TO 12,65,375000,129 BT MERAH VIEW,30,103.8239356,1.2836058
GEYLANG,4 ROOM,318,UBI AVE 1,10 TO 12,84,375000,318 UBI AVE 1,42,103.9032294,1.3284909
BEDOK,4 ROOM,93,BEDOK NTH AVE 4,01 TO 03,92,375000,93 BEDOK NTH AVE 4,38,103.9414999,1.3329353
SENGKANG,4 ROOM,317D,ANCHORVALE RD,13 TO 15,92,375000,317D ANCHORVALE RD,60,103.8876895,1.3934574
SERANGOON,3 ROOM,323,SERANGOON AVE 3,04 TO 06,64,373800,323 SERANGOON AVE 3,72,103.8691372,1.351544
TOA PAYOH,3 ROOM,85B,LOR 4 TOA PAYOH,19 TO 21,68,373000,85B LOR 4 TOA PAYOH,77,103.8483275,1.3363419
YISHUN,4 ROOM,450,YISHUN RING RD,10 TO 12,96,373000,450 YISHUN RING RD,49,103.844128,1.422128
SEMBAWANG,5 ROOM,483,ADMIRALTY LINK,07 TO 09,111,372000,483 ADMIRALTY LINK,39,103.8154224,1.4560624
KALLANG/WHAMPOA,3 ROOM,34,WHAMPOA WEST,10 TO 12,68,372000,34 WHAMPOA WEST,14,103.8634295,1.3205414
BUKIT MERAH,3 ROOM,55,TELOK BLANGAH DR,04 TO 06,73,370000,55 TELOK BLANGAH DR,50,103.8120715,1.2739474
PUNGGOL,5 ROOM,110B,PUNGGOL FIELD,07 TO 09,110,370000,110B PUNGGOL FIELD,37,103.909761,1.395862
TOA PAYOH,4 ROOM,227,LOR 8 TOA PAYOH,07 TO 09,82,370000,227 LOR 8 TOA PAYOH,84,103.8579033,1.3394555
PUNGGOL,4 ROOM,118,EDGEFIELD PLAINS,13 TO 15,94,370000,118 EDGEFIELD PLAINS,65,103.906013,1.395987
PASIR RIS,4 ROOM,633,PASIR RIS DR 3,01 TO 03,104,370000,633 PASIR RIS DR 3,61,103.9406001,1.3780141
BUKIT PANJANG,4 ROOM,609,BT PANJANG RING RD,13 TO 15,90,368000,609 BT PANJANG RING RD,15,103.7619326,1.3829636
WOODLANDS,4 ROOM,437,WOODLANDS ST 41,10 TO 12,84,368000,437 WOODLANDS ST 41,72,103.7746749,1.4269516
YISHUN,4 ROOM,618,YISHUN RING RD,07 TO 09,91,368000,618 YISHUN RING RD,59,103.835519,1.418761
JURONG EAST,4 ROOM,402,PANDAN GDNS,04 TO 06,100,368000,402 PANDAN GDNS,63,103.7497798,1.3207458
CLEMENTI,4 ROOM,507,WEST COAST DR,04 TO 06,83,368000,507 WEST COAST DR,48,103.7607331,1.3121203
HOUGANG,4 ROOM,576,HOUGANG AVE 4,04 TO 06,100,368000,576 HOUGANG AVE 4,16,103.8865333,1.3783225
BEDOK,4 ROOM,36,BEDOK STH AVE 2,10 TO 12,84,368000,36 BEDOK STH AVE 2,69,103.938193,1.321729
CHOA CHU KANG,4 ROOM,620,CHOA CHU KANG ST 62,01 TO 03,108,366000,620 CHOA CHU KANG ST 62,39,103.7470642,1.3997527
SEMBAWANG,4 ROOM,508B,WELLINGTON CIRCLE,07 TO 09,90,366000,508B WELLINGTON CIRCLE,41,103.8207389,1.4527712
HOUGANG,4 ROOM,985A,BUANGKOK CRES,04 TO 06,85,366000,985A BUANGKOK CRES,77,103.8801907,1.3812177
SENGKANG,5 ROOM,195,RIVERVALE DR,01 TO 03,110,365000,195 RIVERVALE DR,54,103.902423,1.392794
TAMPINES,4 ROOM,838,TAMPINES ST 82,01 TO 03,84,365000,838 TAMPINES ST 82,8,103.9353813,1.3507914
JURONG WEST,4 ROOM,657B,JURONG WEST ST 65,01 TO 03,91,365000,657B JURONG WEST ST 65,5,103.7008177,1.3360343
WOODLANDS,5 ROOM,36,MARSILING DR,04 TO 06,124,365000,36 MARSILING DR,81,103.772459,1.445117
YISHUN,4 ROOM,167,YISHUN RING RD,10 TO 12,103,365000,167 YISHUN RING RD,32,103.8325225,1.4365889
PUNGGOL,4 ROOM,102D,PUNGGOL FIELD,07 TO 09,90,365000,102D PUNGGOL FIELD,49,103.9053397,1.3983645
CLEMENTI,3 ROOM,352,CLEMENTI AVE 2,01 TO 03,67,365000,352 CLEMENTI AVE 2,52,103.7715967,1.3146209
ANG MO KIO,3 ROOM,330,ANG MO KIO AVE 1,07 TO 09,82,365000,330 ANG MO KIO AVE 1,20,103.8510185,1.3623423
HOUGANG,4 ROOM,693,HOUGANG ST 61,04 TO 06,89,364000,693 HOUGANG ST 61,67,103.8874395,1.3767785
JURONG WEST,4 ROOM,178,YUNG SHENG RD,07 TO 09,95,363000,178 YUNG SHENG RD,14,103.7209072,1.3332834
TOA PAYOH,4 ROOM,222,LOR 8 TOA PAYOH,13 TO 15,82,360000,222 LOR 8 TOA PAYOH,51,103.8559329,1.3417912
JURONG WEST,4 ROOM,478,JURONG WEST ST 41,07 TO 09,92,360000,478 JURONG WEST ST 41,10,103.7239842,1.3473295
CENTRAL AREA,3 ROOM,640,ROWELL RD,07 TO 09,74,360000,640 ROWELL RD,87,103.8547424,1.3077589
BUKIT PANJANG,4 ROOM,116,PENDING RD,01 TO 03,103,360000,116 PENDING RD,11,103.7686997,1.3771875
SENGKANG,4 ROOM,131,RIVERVALE ST,16 TO 18,89,360000,131 RIVERVALE ST,10,103.9031162,1.3896541
WOODLANDS,4 ROOM,843,WOODLANDS ST 82,01 TO 03,104,360000,843 WOODLANDS ST 82,48,103.7927834,1.4431347
TAMPINES,3 ROOM,244,TAMPINES ST 21,10 TO 12,74,360000,244 TAMPINES ST 21,47,103.9471203,1.3537738
JURONG WEST,4 ROOM,430,JURONG WEST AVE 1,04 TO 06,103,360000,430 JURONG WEST AVE 1,5,103.7257038,1.3519352
SEMBAWANG,4 ROOM,508A,WELLINGTON CIRCLE,07 TO 09,85,359000,508A WELLINGTON CIRCLE,67,103.8203173,1.4526432
WOODLANDS,4 ROOM,616,WOODLANDS AVE 4,07 TO 09,102,359000,616 WOODLANDS AVE 4,38,103.7957715,1.4343815
ANG MO KIO,3 ROOM,155,ANG MO KIO AVE 4,07 TO 09,82,358000,155 ANG MO KIO AVE 4,6,103.839952,1.3759189
HOUGANG,4 ROOM,630,HOUGANG AVE 8,13 TO 15,84,358000,630 HOUGANG AVE 8,93,103.8811874,1.3704421
ANG MO KIO,3 ROOM,126,ANG MO KIO AVE 3,04 TO 06,82,357000,126 ANG MO KIO AVE 3,30,103.8435905,1.3716164
BUKIT PANJANG,4 ROOM,533,BT PANJANG RING RD,01 TO 03,100,356500,533 BT PANJANG RING RD,48,103.7636979,1.3849693
CLEMENTI,3 ROOM,308,CLEMENTI AVE 4,10 TO 12,67,355000,308 CLEMENTI AVE 4,69,103.7668438,1.3210521
SEMBAWANG,4 ROOM,333,SEMBAWANG CL,04 TO 06,100,355000,333 SEMBAWANG CL,22,103.8163506,1.4469712
TAMPINES,4 ROOM,842,TAMPINES ST 82,07 TO 09,84,355000,842 TAMPINES ST 82,8,103.9358119,1.3517954
GEYLANG,4 ROOM,315,UBI AVE 1,01 TO 03,84,355000,315 UBI AVE 1,74,103.9029349,1.3291695
BUKIT PANJANG,4 ROOM,218,PETIR RD,10 TO 12,104,355000,218 PETIR RD,63,103.7736564,1.3744281
SENGKANG,5 ROOM,183A,RIVERVALE CRES,01 TO 03,110,355000,183A RIVERVALE CRES,12,103.90794,1.39161
SEMBAWANG,4 ROOM,479,SEMBAWANG DR,13 TO 15,88,351367,479 SEMBAWANG DR,26,103.815694,1.4526098
SEMBAWANG,4 ROOM,340A,SEMBAWANG CL,10 TO 12,95,350000,340A SEMBAWANG CL,59,103.8176638,1.447587
JURONG WEST,4 ROOM,361,YUNG AN RD,04 TO 06,106,350000,361 YUNG AN RD,42,103.7205452,1.3359221
TAMPINES,3 ROOM,299A,TAMPINES ST 22,07 TO 09,65,350000,299A TAMPINES ST 22,77,103.953924,1.3502
KALLANG/WHAMPOA,3 ROOM,684,RACE COURSE RD,10 TO 12,63,350000,684 RACE COURSE RD,19,103.8563633,1.3142161
WOODLANDS,4 ROOM,896A,WOODLANDS DR 50,01 TO 03,99,350000,896A WOODLANDS DR 50,33,103.7929645,1.4364539
CHOA CHU KANG,5 ROOM,486,CHOA CHU KANG AVE 5,01 TO 03,115,350000,486 CHOA CHU KANG AVE 5,35,103.7383748,1.3754599
CHOA CHU KANG,4 ROOM,5,TECK WHYE AVE,10 TO 12,104,350000,5 TECK WHYE AVE,5,103.7534911,1.3821154
BEDOK,3 ROOM,32,CHAI CHEE AVE,04 TO 06,65,350000,32 CHAI CHEE AVE,45,103.9249578,1.3237753
WOODLANDS,4 ROOM,761,WOODLANDS AVE 6,07 TO 09,103,350000,761 WOODLANDS AVE 6,35,103.7965865,1.4464147
YISHUN,4 ROOM,350,YISHUN AVE 11,01 TO 03,104,349000,350 YISHUN AVE 11,85,103.8440435,1.4259403
BUKIT PANJANG,4 ROOM,248,BANGKIT RD,07 TO 09,109,348000,248 BANGKIT RD,31,103.7744033,1.3814054
SEMBAWANG,4 ROOM,336,SEMBAWANG CRES,13 TO 15,101,347000,336 SEMBAWANG CRES,69,103.8157846,1.4469563
JURONG EAST,4 ROOM,53,TEBAN GDNS RD,10 TO 12,83,345000,53 TEBAN GDNS RD,88,103.7375602,1.3214003
SERANGOON,4 ROOM,548,SERANGOON NTH AVE 3,04 TO 06,100,345000,548 SERANGOON NTH AVE 3,90,103.8706094,1.3731602
JURONG WEST,4 ROOM,632,JURONG WEST ST 65,10 TO 12,91,345000,632 JURONG WEST ST 65,19,103.6997545,1.3438968
WOODLANDS,4 ROOM,690F,WOODLANDS DR 75,16 TO 18,90,345000,690F WOODLANDS DR 75,25,103.8073624,1.4426775
JURONG WEST,4 ROOM,939,JURONG WEST ST 91,07 TO 09,103,345000,939 JURONG WEST ST 91,80,103.6888741,1.3431348
QUEENSTOWN,3 ROOM,154,MEI LING ST,01 TO 03,67,342000,154 MEI LING ST,21,103.8035009,1.2935996
BEDOK,3 ROOM,426,BEDOK NTH RD,10 TO 12,67,342000,426 BEDOK NTH RD,42,103.9288099,1.329789
SENGKANG,3 ROOM,445B,FERNVALE RD,10 TO 12,68,340000,445B FERNVALE RD,45,103.874024,1.39225
BUKIT PANJANG,4 ROOM,512,JELAPANG RD,01 TO 03,100,340000,512 JELAPANG RD,81,103.768247,1.3873801
YISHUN,4 ROOM,122,YISHUN ST 11,04 TO 06,96,340000,122 YISHUN ST 11,51,103.830911,1.4349397
TAMPINES,3 ROOM,225,TAMPINES ST 23,07 TO 09,73,338888,225 TAMPINES ST 23,52,103.9540551,1.3551473
JURONG WEST,4 ROOM,484,JURONG WEST AVE 1,04 TO 06,100,338000,484 JURONG WEST AVE 1,41,103.7262468,1.3481224
CLEMENTI,3 ROOM,374,CLEMENTI AVE 4,07 TO 09,68,338000,374 CLEMENTI AVE 4,44,103.766889,1.3190389
KALLANG/WHAMPOA,3 ROOM,57,GEYLANG BAHRU,16 TO 18,65,338000,57 GEYLANG BAHRU,70,103.8690181,1.3234434
HOUGANG,4 ROOM,354,HOUGANG AVE 7,07 TO 09,91,336888,354 HOUGANG AVE 7,38,103.8992195,1.3724597
YISHUN,4 ROOM,609,YISHUN ST 61,07 TO 09,84,336888,609 YISHUN ST 61,51,103.8358728,1.4210319
TAMPINES,3 ROOM,817,TAMPINES ST 81,04 TO 06,73,336000,817 TAMPINES ST 81,71,103.936741,1.3476359
YISHUN,4 ROOM,437,YISHUN AVE 6,07 TO 09,104,335000,437 YISHUN AVE 6,93,103.8469065,1.4216773
JURONG WEST,4 ROOM,545,JURONG WEST ST 42,01 TO 03,103,335000,545 JURONG WEST ST 42,43,103.7152963,1.3523615
BUKIT PANJANG,4 ROOM,448,BT PANJANG RING RD,10 TO 12,101,335000,448 BT PANJANG RING RD,97,103.7719589,1.3837657
KALLANG/WHAMPOA,3 ROOM,30,BENDEMEER RD,10 TO 12,68,335000,30 BENDEMEER RD,41,-77.548537,37.529887
CHOA CHU KANG,4 ROOM,425,CHOA CHU KANG AVE 4,01 TO 03,104,332000,425 CHOA CHU KANG AVE 4,69,103.7394383,1.3811902
BUKIT PANJANG,4 ROOM,436,FAJAR RD,10 TO 12,104,330000,436 FAJAR RD,53,103.7702161,1.3822549
KALLANG/WHAMPOA,3 ROOM,72,GEYLANG BAHRU,01 TO 03,70,330000,72 GEYLANG BAHRU,85,103.8712678,1.3215762
JURONG WEST,3 ROOM,339D,KANG CHING RD,01 TO 03,67,330000,339D KANG CHING RD,42,103.7222402,1.3389521
ANG MO KIO,3 ROOM,333,ANG MO KIO AVE 1,07 TO 09,68,330000,333 ANG MO KIO AVE 1,99,103.8516526,1.3613131
YISHUN,3 ROOM,833,YISHUN ST 81,07 TO 09,73,330000,833 YISHUN ST 81,73,103.8341703,1.4144105
BUKIT MERAH,3 ROOM,86,REDHILL CL,13 TO 15,59,330000,86 REDHILL CL,70,103.8188638,1.2869242
WOODLANDS,4 ROOM,428,WOODLANDS ST 41,04 TO 06,84,330000,428 WOODLANDS ST 41,27,103.7725926,1.4269643
WOODLANDS,4 ROOM,619,WOODLANDS DR 52,07 TO 09,92,330000,619 WOODLANDS DR 52,56,103.7982164,1.4334124
CHOA CHU KANG,4 ROOM,284,CHOA CHU KANG AVE 3,04 TO 06,110,329000,284 CHOA CHU KANG AVE 3,32,103.7424026,1.3797981
ANG MO KIO,3 ROOM,465,ANG MO KIO AVE 10,07 TO 09,82,328888,465 ANG MO KIO AVE 10,54,103.8569974,1.3662627
TOA PAYOH,3 ROOM,98,LOR 1 TOA PAYOH,13 TO 15,68,328000,98 LOR 1 TOA PAYOH,20,103.8483235,1.3391629
SEMBAWANG,4 ROOM,329,SEMBAWANG CL,01 TO 03,100,328000,329 SEMBAWANG CL,5,103.8177091,1.4463021
JURONG EAST,4 ROOM,408,PANDAN GDNS,04 TO 06,97,327000,408 PANDAN GDNS,60,103.7487841,1.3182625
YISHUN,4 ROOM,257,YISHUN RING RD,04 TO 06,84,326000,257 YISHUN RING RD,50,103.8394917,1.4345711
BEDOK,3 ROOM,59,CHAI CHEE RD,07 TO 09,76,325000,59 CHAI CHEE RD,13,103.9202448,1.3248997
BEDOK,3 ROOM,107,BEDOK NTH RD,07 TO 09,67,325000,107 BEDOK NTH RD,89,103.9363784,1.3324161
QUEENSTOWN,3 ROOM,40,HOLLAND DR,01 TO 03,59,325000,40 HOLLAND DR,93,-71.1237182,42.3974232
BUKIT MERAH,3 ROOM,44,TELOK BLANGAH DR,04 TO 06,65,325000,44 TELOK BLANGAH DR,25,103.8106226,1.2713968
SEMBAWANG,4 ROOM,482,ADMIRALTY LINK,07 TO 09,87,323000,482 ADMIRALTY LINK,37,103.8154224,1.4553281
YISHUN,4 ROOM,366,YISHUN RING RD,01 TO 03,104,323000,366 YISHUN RING RD,47,103.8459457,1.4291567
GEYLANG,3 ROOM,302,UBI AVE 1,01 TO 03,64,323000,302 UBI AVE 1,38,103.9008543,1.3300652
CHOA CHU KANG,4 ROOM,114,TECK WHYE LANE,07 TO 09,103,320000,114 TECK WHYE LANE,67,103.7509565,1.3785381
QUEENSTOWN,3 ROOM,1,DOVER RD,01 TO 03,65,320000,1 DOVER RD,65,-75.1366377,39.761751
WOODLANDS,4 ROOM,633,WOODLANDS RING RD,01 TO 03,101,320000,633 WOODLANDS RING RD,37,103.8024497,1.4356432
TAMPINES,3 ROOM,412,TAMPINES ST 41,07 TO 09,69,320000,412 TAMPINES ST 41,61,103.946259,1.3594393
YISHUN,3 ROOM,203,YISHUN ST 21,04 TO 06,67,320000,203 YISHUN ST 21,72,103.8363356,1.4307836
TAMPINES,3 ROOM,899A,TAMPINES ST 81,01 TO 03,74,320000,899A TAMPINES ST 81,80,103.9352001,1.3462542
YISHUN,4 ROOM,639,YISHUN ST 61,07 TO 09,84,320000,639 YISHUN ST 61,81,103.8384501,1.4206009
SENGKANG,3 ROOM,450A,SENGKANG WEST WAY,25 TO 27,67,320000,450A SENGKANG WEST WAY,89,103.873502,1.394337
CHOA CHU KANG,3 ROOM,476A,CHOA CHU KANG AVE 5,10 TO 12,67,320000,476A CHOA CHU KANG AVE 5,92,103.7380516,1.3765471
WOODLANDS,4 ROOM,853,WOODLANDS ST 83,01 TO 03,84,320000,853 WOODLANDS ST 83,55,103.7931177,1.4395279
YISHUN,4 ROOM,254,YISHUN RING RD,10 TO 12,84,319000,254 YISHUN RING RD,63,103.8405334,1.4346014
WOODLANDS,4 ROOM,689A,WOODLANDS DR 75,07 TO 09,90,318888,689A WOODLANDS DR 75,91,103.8079963,1.4445088
BUKIT PANJANG,4 ROOM,275,BANGKIT RD,10 TO 12,84,318000,275 BANGKIT RD,32,103.7747655,1.3768586
ANG MO KIO,3 ROOM,623,ANG MO KIO AVE 9,04 TO 06,68,316000,623 ANG MO KIO AVE 9,98,103.8408731,1.3826974
ANG MO KIO,3 ROOM,534,ANG MO KIO AVE 10,10 TO 12,68,315000,534 ANG MO KIO AVE 10,41,103.8540985,1.3741187
KALLANG/WHAMPOA,3 ROOM,76,LOR LIMAU,04 TO 06,65,315000,76 LOR LIMAU,10,103.854257,1.325222
TOA PAYOH,3 ROOM,126,LOR 1 TOA PAYOH,04 TO 06,67,315000,126 LOR 1 TOA PAYOH,47,103.8450399,1.3379922
TAMPINES,3 ROOM,433,TAMPINES ST 43,07 TO 09,64,315000,433 TAMPINES ST 43,17,103.9510862,1.3590631
KALLANG/WHAMPOA,3 ROOM,57,GEYLANG BAHRU,16 TO 18,65,315000,57 GEYLANG BAHRU,83,103.8690181,1.3234434
BEDOK,3 ROOM,124,BEDOK NTH RD,07 TO 09,67,313000,124 BEDOK NTH RD,7,103.9390071,1.3292548
BUKIT BATOK,4 ROOM,419,BT BATOK WEST AVE 2,01 TO 03,83,312000,419 BT BATOK WEST AVE 2,8,103.7463401,1.3620741
BEDOK,3 ROOM,554,BEDOK NTH ST 3,10 TO 12,68,310888,554 BEDOK NTH ST 3,37,103.9282207,1.3326826
CLEMENTI,3 ROOM,346,CLEMENTI AVE 5,04 TO 06,67,310000,346 CLEMENTI AVE 5,71,103.7699671,1.3171185
WOODLANDS,4 ROOM,436,WOODLANDS ST 41,10 TO 12,84,310000,436 WOODLANDS ST 41,60,103.7745844,1.4265852
ANG MO KIO,3 ROOM,540,ANG MO KIO AVE 10,04 TO 06,68,310000,540 ANG MO KIO AVE 10,5,103.8553668,1.3753568
ANG MO KIO,3 ROOM,128,ANG MO KIO AVE 3,04 TO 06,67,310000,128 ANG MO KIO AVE 3,65,103.8435905,1.3708105
YISHUN,4 ROOM,289,YISHUN AVE 6,07 TO 09,84,310000,289 YISHUN AVE 6,78,103.8386312,1.440484
YISHUN,3 ROOM,833,YISHUN ST 81,01 TO 03,73,310000,833 YISHUN ST 81,62,103.8341703,1.4144105
BEDOK,3 ROOM,424,BEDOK NTH AVE 1,01 TO 03,67,308000,424 BEDOK NTH AVE 1,77,103.9275409,1.3284794
BUKIT BATOK,3 ROOM,339,BT BATOK ST 34,10 TO 12,73,308000,339 BT BATOK ST 34,93,103.7501419,1.3631512
CHOA CHU KANG,4 ROOM,484A,CHOA CHU KANG AVE 5,01 TO 03,90,307000,484A CHOA CHU KANG AVE 5,7,103.7367682,1.3767339
ANG MO KIO,3 ROOM,153,ANG MO KIO AVE 5,10 TO 12,68,306000,153 ANG MO KIO AVE 5,12,103.8422318,1.3763871
BUKIT PANJANG,4 ROOM,226,PENDING RD,04 TO 06,84,305888,226 PENDING RD,44,103.772321,1.3752605
BEDOK,3 ROOM,117,BEDOK RESERVOIR RD,07 TO 09,67,303000,117 BEDOK RESERVOIR RD,99,103.9088255,1.3314772
YISHUN,3 ROOM,202,YISHUN ST 21,04 TO 06,67,303000,202 YISHUN ST 21,63,103.8372645,1.4307641
TAMPINES,3 ROOM,219,TAMPINES ST 24,01 TO 03,73,302000,219 TAMPINES ST 24,47,103.9526046,1.3547898
ANG MO KIO,3 ROOM,151,ANG MO KIO AVE 5,07 TO 09,68,300000,151 ANG MO KIO AVE 5,48,103.8411448,1.3766866
HOUGANG,3 ROOM,247,HOUGANG AVE 3,10 TO 12,67,300000,247 HOUGANG AVE 3,62,103.891517,1.359102
HOUGANG,3 ROOM,23,HOUGANG AVE 3,01 TO 03,73,300000,23 HOUGANG AVE 3,95,103.8907921,1.3648919
MARINE PARADE,3 ROOM,31,MARINE CRES,10 TO 12,65,300000,31 MARINE CRES,70,103.9114083,1.3037019
BEDOK,3 ROOM,529,BEDOK NTH ST 3,01 TO 03,68,300000,529 BEDOK NTH ST 3,13,103.9264986,1.3342292
JURONG WEST,3 ROOM,476,JURONG WEST ST 41,07 TO 09,73,300000,476 JURONG WEST ST 41,50,103.72412,1.3476584
CLEMENTI,3 ROOM,728,CLEMENTI WEST ST 2,07 TO 09,68,300000,728 CLEMENTI WEST ST 2,31,103.7637205,1.3054443
ANG MO KIO,3 ROOM,110,ANG MO KIO AVE 4,07 TO 09,67,300000,110 ANG MO KIO AVE 4,64,103.8373405,1.3705542
BUKIT BATOK,3 ROOM,224,BT BATOK ST 21,04 TO 06,67,300000,224 BT BATOK ST 21,53,103.7524954,1.3478982
TAMPINES,3 ROOM,884,TAMPINES ST 83,04 TO 06,74,300000,884 TAMPINES ST 83,33,103.9326168,1.3515762
TOA PAYOH,3 ROOM,206,TOA PAYOH NTH,07 TO 09,65,300000,206 TOA PAYOH NTH,11,103.8465571,1.342248
KALLANG/WHAMPOA,3 ROOM,76,LOR LIMAU,01 TO 03,65,300000,76 LOR LIMAU,63,103.854257,1.325222
ANG MO KIO,3 ROOM,153,ANG MO KIO AVE 5,01 TO 03,68,299000,153 ANG MO KIO AVE 5,46,103.8422318,1.3763871
HOUGANG,3 ROOM,308,HOUGANG AVE 5,04 TO 06,67,298000,308 HOUGANG AVE 5,97,103.8959572,1.3669122
HOUGANG,3 ROOM,652,HOUGANG AVE 8,10 TO 12,69,298000,652 HOUGANG AVE 8,42,103.8815498,1.3724178
BEDOK,3 ROOM,54,CHAI CHEE ST,13 TO 15,68,295000,54 CHAI CHEE ST,62,103.9211511,1.3296502
KALLANG/WHAMPOA,3 ROOM,64,KALLANG BAHRU,07 TO 09,65,295000,64 KALLANG BAHRU,83,103.8684124,1.3203667
KALLANG/WHAMPOA,3 ROOM,65,KALLANG BAHRU,04 TO 06,65,295000,65 KALLANG BAHRU,94,103.8683218,1.3197819
CLEMENTI,3 ROOM,701,WEST COAST RD,04 TO 06,67,295000,701 WEST COAST RD,40,103.7612762,1.3076532
BEDOK,3 ROOM,712,BEDOK RESERVOIR RD,07 TO 09,68,295000,712 BEDOK RESERVOIR RD,95,103.9226012,1.3359348
TOA PAYOH,3 ROOM,1,LOR 7 TOA PAYOH,04 TO 06,67,295000,1 LOR 7 TOA PAYOH,81,103.8533738,1.3393352
WOODLANDS,4 ROOM,620,WOODLANDS DR 52,01 TO 03,92,295000,620 WOODLANDS DR 52,94,103.7986691,1.4336298
YISHUN,4 ROOM,720,YISHUN ST 71,04 TO 06,84,295000,720 YISHUN ST 71,11,103.8288281,1.4264004
TOA PAYOH,3 ROOM,20,LOR 7 TOA PAYOH,01 TO 03,67,293000,20 LOR 7 TOA PAYOH,42,103.857088,1.3349217
KALLANG/WHAMPOA,3 ROOM,67,KALLANG BAHRU,04 TO 06,65,292000,67 KALLANG BAHRU,35,103.8691372,1.3217528
YISHUN,3 ROOM,136,YISHUN RING RD,04 TO 06,68,290000,136 YISHUN RING RD,79,103.831238,1.432048
BUKIT BATOK,3 ROOM,264,BT BATOK EAST AVE 4,04 TO 06,73,290000,264 BT BATOK EAST AVE 4,48,103.7591036,1.3498379
YISHUN,3 ROOM,710,YISHUN AVE 5,04 TO 06,68,290000,710 YISHUN AVE 5,42,103.827529,1.4282459
JURONG WEST,4 ROOM,952,JURONG WEST ST 91,04 TO 06,94,290000,952 JURONG WEST ST 91,63,103.6915885,1.3426797
ANG MO KIO,3 ROOM,557,ANG MO KIO AVE 10,07 TO 09,68,290000,557 ANG MO KIO AVE 10,73,103.8577221,1.3716063
BEDOK,3 ROOM,4,BEDOK STH AVE 1,01 TO 03,65,290000,4 BEDOK STH AVE 1,81,103.9333872,1.3224834
ANG MO KIO,3 ROOM,235,ANG MO KIO AVE 3,01 TO 03,67,290000,235 ANG MO KIO AVE 3,40,103.8362083,1.3669343
WOODLANDS,3 ROOM,816,WOODLANDS ST 82,01 TO 03,69,290000,816 WOODLANDS ST 82,49,103.7900573,1.4420492
BEDOK,3 ROOM,529,BEDOK NTH ST 3,07 TO 09,68,290000,529 BEDOK NTH ST 3,80,103.9264986,1.3342292
GEYLANG,3 ROOM,20,EUNOS CRES,04 TO 06,66,288000,20 EUNOS CRES,55,103.9032068,1.3247046
BEDOK,3 ROOM,92,BEDOK NTH AVE 4,01 TO 03,67,288000,92 BEDOK NTH AVE 4,63,103.9412733,1.332461
BUKIT BATOK,3 ROOM,414,BT BATOK WEST AVE 4,04 TO 06,73,288000,414 BT BATOK WEST AVE 4,13,103.745978,1.3635418
YISHUN,3 ROOM,107,YISHUN RING RD,10 TO 12,67,287000,107 YISHUN RING RD,62,103.827649,1.4327912
CLEMENTI,3 ROOM,513,WEST COAST RD,04 TO 06,68,287000,513 WEST COAST RD,83,103.7601899,1.3086838
TOA PAYOH,3 ROOM,1,LOR 7 TOA PAYOH,01 TO 03,67,285888,1 LOR 7 TOA PAYOH,83,103.8533738,1.3393352
QUEENSTOWN,3 ROOM,170,STIRLING RD,13 TO 15,60,285000,170 STIRLING RD,95,-80.1457042,26.0496505
TOA PAYOH,3 ROOM,2,LOR 7 TOA PAYOH,04 TO 06,67,285000,2 LOR 7 TOA PAYOH,94,103.8536456,1.3385283
ANG MO KIO,3 ROOM,442,ANG MO KIO AVE 10,10 TO 12,67,283000,442 ANG MO KIO AVE 10,9,103.8551856,1.3656873
JURONG EAST,3 ROOM,244,JURONG EAST ST 24,01 TO 03,67,283000,244 JURONG EAST ST 24,62,103.7421764,1.3426102
YISHUN,3 ROOM,354,YISHUN RING RD,04 TO 06,74,283000,354 YISHUN RING RD,78,103.845221,1.4257863
CLEMENTI,3 ROOM,519,WEST COAST RD,04 TO 06,68,283000,519 WEST COAST RD,48,103.7594657,1.3076633
YISHUN,3 ROOM,270,YISHUN ST 22,04 TO 06,74,282000,270 YISHUN ST 22,56,103.8399673,1.4374117
JURONG WEST,3 ROOM,914,JURONG WEST ST 91,10 TO 12,73,282000,914 JURONG WEST ST 91,58,103.6878931,1.3414562
YISHUN,3 ROOM,728,YISHUN ST 71,04 TO 06,64,280500,728 YISHUN ST 71,54,103.830651,1.425847
BEDOK,3 ROOM,124,BEDOK NTH RD,04 TO 06,67,280000,124 BEDOK NTH RD,80,103.9390071,1.3292548
BEDOK,3 ROOM,501,BEDOK NTH ST 3,04 TO 06,59,278888,501 BEDOK NTH ST 3,17,103.9311212,1.3312025
BUKIT BATOK,3 ROOM,230,BT BATOK EAST AVE 3,04 TO 06,67,277000,230 BT BATOK EAST AVE 3,65,103.7548263,1.3477932
BUKIT BATOK,3 ROOM,323,BT BATOK ST 33,07 TO 09,64,276000,323 BT BATOK ST 33,58,103.748241,1.3611837
WOODLANDS,3 ROOM,31,MARSILING DR,13 TO 15,73,275000,31 MARSILING DR,91,103.7725394,1.4432276
CLEMENTI,3 ROOM,728,CLEMENTI WEST ST 2,01 TO 03,68,275000,728 CLEMENTI WEST ST 2,34,103.7637205,1.3054443
TOA PAYOH,3 ROOM,113,LOR 1 TOA PAYOH,01 TO 03,65,275000,113 LOR 1 TOA PAYOH,93,103.8445869,1.3412893
BUKIT BATOK,3 ROOM,161,BT BATOK ST 11,04 TO 06,73,275000,161 BT BATOK ST 11,94,103.7420858,1.3484708
WOODLANDS,3 ROOM,316,WOODLANDS ST 31,07 TO 09,73,275000,316 WOODLANDS ST 31,52,103.776033,1.4314935
YISHUN,3 ROOM,107,YISHUN RING RD,07 TO 09,67,275000,107 YISHUN RING RD,46,103.827649,1.4327912
SERANGOON,3 ROOM,153,SERANGOON NTH AVE 1,04 TO 06,64,275000,153 SERANGOON NTH AVE 1,23,103.8722429,1.3702356
WOODLANDS,3 ROOM,314,WOODLANDS ST 31,10 TO 12,73,275000,314 WOODLANDS ST 31,83,103.776033,1.4311265
KALLANG/WHAMPOA,3 ROOM,72,GEYLANG BAHRU,07 TO 09,59,275000,72 GEYLANG BAHRU,49,103.8712678,1.3215762
KALLANG/WHAMPOA,3 ROOM,34,JLN BAHAGIA,04 TO 06,56,275000,34 JLN BAHAGIA,76,103.8577901,1.3270314
WOODLANDS,4 ROOM,201,MARSILING DR,01 TO 03,91,273000,201 MARSILING DR,37,103.7754832,1.4426367
BUKIT BATOK,3 ROOM,231,BT BATOK EAST AVE 5,10 TO 12,67,273000,231 BT BATOK EAST AVE 5,22,103.7542832,1.3491881
KALLANG/WHAMPOA,3 ROOM,98,WHAMPOA DR,10 TO 12,65,271888,98 WHAMPOA DR,9,103.8541891,1.3216915
WOODLANDS,3 ROOM,340,WOODLANDS AVE 1,01 TO 03,69,271000,340 WOODLANDS AVE 1,43,103.7812842,1.4312411
BUKIT PANJANG,3 ROOM,221,PENDING RD,04 TO 06,73,271000,221 PENDING RD,22,103.7734979,1.3753269
JURONG WEST,3 ROOM,210,BOON LAY PL,07 TO 09,65,270000,210 BOON LAY PL,35,103.7130792,1.3481613
YISHUN,3 ROOM,725,YISHUN ST 71,01 TO 03,64,270000,725 YISHUN ST 71,52,103.8307367,1.4270287
WOODLANDS,3 ROOM,12,MARSILING LANE,04 TO 06,76,270000,12 MARSILING LANE,83,103.7784392,1.4411312
YISHUN,3 ROOM,409,YISHUN RING RD,10 TO 12,74,270000,409 YISHUN RING RD,93,103.8475762,1.4262854
BUKIT MERAH,3 ROOM,113,JLN BT MERAH,07 TO 09,60,270000,113 JLN BT MERAH,75,103.8258376,1.2805246
BEDOK,3 ROOM,620,BEDOK RESERVOIR RD,07 TO 09,60,270000,620 BEDOK RESERVOIR RD,7,103.9182508,1.3339841
YISHUN,3 ROOM,784,YISHUN AVE 2,01 TO 03,74,270000,784 YISHUN AVE 2,24,103.833494,1.421918
ANG MO KIO,3 ROOM,180,ANG MO KIO AVE 5,04 TO 06,68,268000,180 ANG MO KIO AVE 5,38,103.8383369,1.3767032
BUKIT BATOK,3 ROOM,229,BT BATOK EAST AVE 3,04 TO 06,67,268000,229 BT BATOK EAST AVE 3,16,103.7544869,1.3483262
WOODLANDS,3 ROOM,15,MARSILING LANE,13 TO 15,65,265000,15 MARSILING LANE,27,103.778224,1.442047
JURONG EAST,3 ROOM,44,TEBAN GDNS RD,01 TO 03,68,263000,44 TEBAN GDNS RD,25,103.7415654,1.3208104
ANG MO KIO,3 ROOM,151,ANG MO KIO AVE 5,07 TO 09,68,260000,151 ANG MO KIO AVE 5,17,103.8411448,1.3766866
CLEMENTI,3 ROOM,730,CLEMENTI WEST ST 2,01 TO 03,68,260000,730 CLEMENTI WEST ST 2,51,103.7631773,1.3047887
JURONG EAST,3 ROOM,229,JURONG EAST ST 21,07 TO 09,67,260000,229 JURONG EAST ST 21,65,103.7379449,1.341847
BISHAN,3 ROOM,22,SIN MING RD,10 TO 12,68,258000,22 SIN MING RD,8,103.8392427,1.3572107
JURONG WEST,3 ROOM,211,BOON LAY PL,16 TO 18,65,257000,211 BOON LAY PL,81,103.7138484,1.3482668
BUKIT PANJANG,3 ROOM,205,PETIR RD,01 TO 03,73,256000,205 PETIR RD,71,103.7738827,1.373364
BUKIT BATOK,3 ROOM,217,BT BATOK ST 21,01 TO 03,67,255000,217 BT BATOK ST 21,59,103.7545774,1.3467874
GEYLANG,3 ROOM,20,BALAM RD,01 TO 03,60.3,255000,20 BALAM RD,78,103.8875301,1.3308678
ANG MO KIO,2 ROOM,510,ANG MO KIO AVE 8,07 TO 09,44,255000,510 ANG MO KIO AVE 8,46,103.8492068,1.3734149
JURONG WEST,3 ROOM,187,BOON LAY AVE,22 TO 24,59,255000,187 BOON LAY AVE,71,103.7105454,1.3452454
YISHUN,3 ROOM,147,YISHUN ST 11,01 TO 03,67,254000,147 YISHUN ST 11,54,103.831804,1.4313561
TOA PAYOH,2 ROOM,52,LOR 6 TOA PAYOH,01 TO 03,40,250000,52 LOR 6 TOA PAYOH,12,103.8524918,1.338258
TOA PAYOH,3 ROOM,27,TOA PAYOH EAST,01 TO 03,67,250000,27 TOA PAYOH EAST,53,103.8567256,1.3323619
GEYLANG,3 ROOM,38,CIRCUIT RD,07 TO 09,60,250000,38 CIRCUIT RD,85,-70.9924566,42.3752928
GEYLANG,3 ROOM,48,CIRCUIT RD,01 TO 03,60,250000,48 CIRCUIT RD,39,103.8855366,1.3255373
WOODLANDS,3 ROOM,6,MARSILING DR,07 TO 09,65,240000,6 MARSILING DR,68,103.7763046,1.4419885
HOUGANG,2 ROOM,986A,BUANGKOK CRES,01 TO 03,47,233000,986A BUANGKOK CRES,90,103.8797045,1.3818696
BUKIT MERAH,2 ROOM,2,JLN BT HO SWEE,07 TO 09,35,228000,2 JLN BT HO SWEE,68,103.831838,1.2873461
BUKIT MERAH,2 ROOM,2,JLN BT HO SWEE,04 TO 06,34,225000,2 JLN BT HO SWEE,5,103.831838,1.2873461
TOA PAYOH,2 ROOM,55,LOR 5 TOA PAYOH,04 TO 06,43,220000,55 LOR 5 TOA PAYOH,66,103.8510185,1.3373722
TOA PAYOH,2 ROOM,52,LOR 6 TOA PAYOH,04 TO 06,43,218000,52 LOR 6 TOA PAYOH,95,103.8524918,1.338258
